Algorithm,Map,Run,Computation Time
Skeletonize,Map1,1,"1.9852383136749268
"
Skeletonize,Map1,2,"1.9772248268127441
"
Skeletonize,Map1,3,"1.978996992111206
"
Skeletonize,Map1,4,"1.987583875656128
"
Skeletonize,Map1,5,"2.026413917541504
"
Skeletonize,Map1,6,"2.0268049240112305
"
Skeletonize,Map1,7,"2.0215587615966797
"
Skeletonize,Map1,8,"2.053069591522217
"
Skeletonize,Map1,9,"2.0424375534057617
"
Skeletonize,Map1,10,"2.030214309692383
"
Skeletonize,Map1,11,"2.0272130966186523
"
Skeletonize,Map1,12,"2.021390438079834
"
Skeletonize,Map1,13,"2.0127084255218506
"
Skeletonize,Map1,14,"2.041179656982422
"
Skeletonize,Map1,15,"2.0407066345214844
"
Skeletonize,Map1,16,"2.0340921878814697
"
Skeletonize,Map1,17,"1.9717199802398682
"
Skeletonize,Map1,18,"2.053659200668335
"
Skeletonize,Map1,19,"2.05611252784729
"
Skeletonize,Map1,20,"2.0444774627685547
"
Skeletonize,Map1,21,"2.0504953861236572
"
Skeletonize,Map1,22,"2.0335185527801514
"
Skeletonize,Map1,23,"2.0317575931549072
"
Skeletonize,Map1,24,"2.05315899848938
"
Skeletonize,Map1,25,"2.0364911556243896
"
Skeletonize,Map1,26,"2.0336194038391113
"
Skeletonize,Map1,27,"2.049208402633667
"
Skeletonize,Map1,28,"2.043461561203003
"
Skeletonize,Map1,29,"2.056495428085327
"
Skeletonize,Map1,30,"2.0556812286376953
"
Skeletonize,Map1,31,"2.020232915878296
"
Skeletonize,Map1,32,"2.030308723449707
"
Skeletonize,Map1,33,"2.047027587890625
"
Skeletonize,Map1,34,"2.038353443145752
"
Skeletonize,Map1,35,"2.044454336166382
"
Skeletonize,Map1,36,"2.0354719161987305
"
Skeletonize,Map1,37,"2.048788070678711
"
Skeletonize,Map1,38,"2.033198118209839
"
Skeletonize,Map1,39,"2.026918411254883
"
Skeletonize,Map1,40,"2.049966335296631
"
Skeletonize,Map1,41,"2.10558819770813
"
Skeletonize,Map1,42,"2.095790147781372
"
Skeletonize,Map1,43,"2.0881311893463135
"
Skeletonize,Map1,44,"2.0946149826049805
"
Skeletonize,Map1,45,"2.0789413452148438
"
Skeletonize,Map1,46,"2.0878796577453613
"
Skeletonize,Map1,47,"2.091857433319092
"
Skeletonize,Map1,48,"2.082904577255249
"
Skeletonize,Map1,49,"2.1035349369049072
"
Skeletonize,Map1,50,"2.0973215103149414
"
Skeletonize,Map1,51,"2.0978453159332275
"
Skeletonize,Map1,52,"2.0813305377960205
"
Skeletonize,Map1,53,"2.110990047454834
"
Skeletonize,Map1,54,"2.098315954208374
"
Skeletonize,Map1,55,"2.0915486812591553
"
Skeletonize,Map1,56,"2.0716986656188965
"
Skeletonize,Map1,57,"2.0837318897247314
"
Skeletonize,Map1,58,"2.1024909019470215
"
Skeletonize,Map1,59,"2.0847036838531494
"
Skeletonize,Map1,60,"2.0781540870666504
"
Skeletonize,Map1,61,"2.0672664642333984
"
Skeletonize,Map1,62,"2.0765507221221924
"
Skeletonize,Map1,63,"2.0767977237701416
"
Skeletonize,Map1,64,"2.088942050933838
"
Skeletonize,Map1,65,"2.1103742122650146
"
Skeletonize,Map1,66,"2.0970513820648193
"
Skeletonize,Map1,67,"2.118406295776367
"
Skeletonize,Map1,68,"2.085570812225342
"
Skeletonize,Map1,69,"2.079744338989258
"
Skeletonize,Map1,70,"2.094733238220215
"
Skeletonize,Map1,71,"2.1038761138916016
"
Skeletonize,Map1,72,"2.0774285793304443
"
Skeletonize,Map1,73,"2.0940136909484863
"
Skeletonize,Map1,74,"2.0693206787109375
"
Skeletonize,Map1,75,"2.0932772159576416
"
Skeletonize,Map1,76,"2.1209936141967773
"
Skeletonize,Map1,77,"2.113495349884033
"
Skeletonize,Map1,78,"2.1208980083465576
"
Skeletonize,Map1,79,"2.1284515857696533
"
Skeletonize,Map1,80,"2.0900158882141113
"
Skeletonize,Map1,81,"2.0828235149383545
"
Skeletonize,Map1,82,"2.0855400562286377
"
Skeletonize,Map1,83,"2.087911367416382
"
Skeletonize,Map1,84,"2.100196361541748
"
Skeletonize,Map1,85,"2.110720157623291
"
Skeletonize,Map1,86,"2.1139931678771973
"
Skeletonize,Map1,87,"2.0936732292175293
"
Skeletonize,Map1,88,"2.10146427154541
"
Skeletonize,Map1,89,"2.095644474029541
"
Skeletonize,Map1,90,"2.1077523231506348
"
Skeletonize,Map1,91,"2.111527442932129
"
Skeletonize,Map1,92,"2.118823766708374
"
Skeletonize,Map1,93,"2.0908288955688477
"
Skeletonize,Map1,94,"2.10444712638855
"
Skeletonize,Map1,95,"2.0928215980529785
"
Skeletonize,Map1,96,"2.0743565559387207
"
Skeletonize,Map1,97,"2.0891528129577637
"
Skeletonize,Map1,98,"2.095958948135376
"
Skeletonize,Map1,99,"2.1054627895355225
"
Skeletonize,Map1,100,"2.0933783054351807
"
Skeletonize,Map2,1,"2.0179214477539062
"
Skeletonize,Map2,2,"2.0423972606658936
"
Skeletonize,Map2,3,"2.042832136154175
"
Skeletonize,Map2,4,"2.0616860389709473
"
Skeletonize,Map2,5,"2.0595436096191406
"
Skeletonize,Map2,6,"2.08046293258667
"
Skeletonize,Map2,7,"2.0810546875
"
Skeletonize,Map2,8,"2.073495864868164
"
Skeletonize,Map2,9,"2.056164026260376
"
Skeletonize,Map2,10,"2.0528807640075684
"
Skeletonize,Map2,11,"2.0551161766052246
"
Skeletonize,Map2,12,"2.0764787197113037
"
Skeletonize,Map2,13,"2.0764434337615967
"
Skeletonize,Map2,14,"2.0516517162323
"
Skeletonize,Map2,15,"2.0880179405212402
"
Skeletonize,Map2,16,"2.0698890686035156
"
Skeletonize,Map2,17,"2.0513737201690674
"
Skeletonize,Map2,18,"2.0657272338867188
"
Skeletonize,Map2,19,"2.0713324546813965
"
Skeletonize,Map2,20,"2.068942070007324
"
Skeletonize,Map2,21,"2.064831018447876
"
Skeletonize,Map2,22,"2.094782590866089
"
Skeletonize,Map2,23,"2.093648672103882
"
Skeletonize,Map2,24,"2.0720369815826416
"
Skeletonize,Map2,25,"2.0723726749420166
"
Skeletonize,Map2,26,"2.085085868835449
"
Skeletonize,Map2,27,"2.0925283432006836
"
Skeletonize,Map2,28,"2.0863327980041504
"
Skeletonize,Map2,29,"2.0719869136810303
"
Skeletonize,Map2,30,"2.090346336364746
"
Skeletonize,Map2,31,"2.081338882446289
"
Skeletonize,Map2,32,"2.089916229248047
"
Skeletonize,Map2,33,"2.07924485206604
"
Skeletonize,Map2,34,"2.086735963821411
"
Skeletonize,Map2,35,"2.074362277984619
"
Skeletonize,Map2,36,"2.100902795791626
"
Skeletonize,Map2,37,"2.0781407356262207
"
Skeletonize,Map2,38,"2.0934743881225586
"
Skeletonize,Map2,39,"2.0874857902526855
"
Skeletonize,Map2,40,"2.093470573425293
"
Skeletonize,Map2,41,"2.0996406078338623
"
Skeletonize,Map2,42,"2.0900397300720215
"
Skeletonize,Map2,43,"2.097306966781616
"
Skeletonize,Map2,44,"2.072272300720215
"
Skeletonize,Map2,45,"2.063467025756836
"
Skeletonize,Map2,46,"2.085942029953003
"
Skeletonize,Map2,47,"2.0948405265808105
"
Skeletonize,Map2,48,"2.118372917175293
"
Skeletonize,Map2,49,"2.1222083568573
"
Skeletonize,Map2,50,"2.1115543842315674
"
Skeletonize,Map2,51,"2.11226749420166
"
Skeletonize,Map2,52,"2.0831127166748047
"
Skeletonize,Map2,53,"2.105384111404419
"
Skeletonize,Map2,54,"2.078104019165039
"
Skeletonize,Map2,55,"2.083207130432129
"
Skeletonize,Map2,56,"2.095104455947876
"
Skeletonize,Map2,57,"2.1140172481536865
"
Skeletonize,Map2,58,"2.0936625003814697
"
Skeletonize,Map2,59,"2.071078062057495
"
Skeletonize,Map2,60,"2.065474033355713
"
Skeletonize,Map2,61,"2.077841281890869
"
Skeletonize,Map2,62,"2.0954604148864746
"
Skeletonize,Map2,63,"2.091068744659424
"
Skeletonize,Map2,64,"2.0840847492218018
"
Skeletonize,Map2,65,"2.09306001663208
"
Skeletonize,Map2,66,"2.092146635055542
"
Skeletonize,Map2,67,"2.0983095169067383
"
Skeletonize,Map2,68,"2.0847008228302
"
Skeletonize,Map2,69,"2.1131231784820557
"
Skeletonize,Map2,70,"2.086827278137207
"
Skeletonize,Map2,71,"2.1044020652770996
"
Skeletonize,Map2,72,"2.0751564502716064
"
Skeletonize,Map2,73,"2.0782296657562256
"
Skeletonize,Map2,74,"2.09184193611145
"
Skeletonize,Map2,75,"2.0783274173736572
"
Skeletonize,Map2,76,"2.096095323562622
"
Skeletonize,Map2,77,"2.1005754470825195
"
Skeletonize,Map2,78,"2.088371992111206
"
Skeletonize,Map2,79,"2.09782338142395
"
Skeletonize,Map2,80,"2.0870490074157715
"
Skeletonize,Map2,81,"2.1020352840423584
"
Skeletonize,Map2,82,"2.0893940925598145
"
Skeletonize,Map2,83,"2.0770609378814697
"
Skeletonize,Map2,84,"2.0841240882873535
"
Skeletonize,Map2,85,"2.080178737640381
"
Skeletonize,Map2,86,"2.0982470512390137
"
Skeletonize,Map2,87,"2.0854954719543457
"
Skeletonize,Map2,88,"2.0977277755737305
"
Skeletonize,Map2,89,"2.076828956604004
"
Skeletonize,Map2,90,"2.089878559112549
"
Skeletonize,Map2,91,"2.1190154552459717
"
Skeletonize,Map2,92,"2.1110222339630127
"
Skeletonize,Map2,93,"2.0907363891601562
"
Skeletonize,Map2,94,"2.1027133464813232
"
Skeletonize,Map2,95,"2.0903918743133545
"
Skeletonize,Map2,96,"2.0887107849121094
"
Skeletonize,Map2,97,"2.1047918796539307
"
Skeletonize,Map2,98,"2.082624673843384
"
Skeletonize,Map2,99,"2.0913796424865723
"
Skeletonize,Map2,100,"2.1086349487304688
"
Skeletonize,Map3,1,"2.0064444541931152
"
Skeletonize,Map3,2,"2.0018720626831055
"
Skeletonize,Map3,3,"2.0651609897613525
"
Skeletonize,Map3,4,"2.065488815307617
"
Skeletonize,Map3,5,"2.068843364715576
"
Skeletonize,Map3,6,"2.0647926330566406
"
Skeletonize,Map3,7,"2.0562210083007812
"
Skeletonize,Map3,8,"2.0375168323516846
"
Skeletonize,Map3,9,"2.0565361976623535
"
Skeletonize,Map3,10,"2.0465970039367676
"
Skeletonize,Map3,11,"2.0466434955596924
"
Skeletonize,Map3,12,"2.0650529861450195
"
Skeletonize,Map3,13,"2.054497241973877
"
Skeletonize,Map3,14,"2.0582966804504395
"
Skeletonize,Map3,15,"2.07974910736084
"
Skeletonize,Map3,16,"2.0902976989746094
"
Skeletonize,Map3,17,"2.0635764598846436
"
Skeletonize,Map3,18,"2.0778634548187256
"
Skeletonize,Map3,19,"2.0686681270599365
"
Skeletonize,Map3,20,"2.0962932109832764
"
Skeletonize,Map3,21,"2.059890031814575
"
Skeletonize,Map3,22,"2.0690314769744873
"
Skeletonize,Map3,23,"2.1032373905181885
"
Skeletonize,Map3,24,"2.0722243785858154
"
Skeletonize,Map3,25,"2.068347215652466
"
Skeletonize,Map3,26,"2.066030263900757
"
Skeletonize,Map3,27,"2.1030406951904297
"
Skeletonize,Map3,28,"2.0873122215270996
"
Skeletonize,Map3,29,"2.0876293182373047
"
Skeletonize,Map3,30,"2.106337308883667
"
Skeletonize,Map3,31,"2.0839200019836426
"
Skeletonize,Map3,32,"2.115694284439087
"
Skeletonize,Map3,33,"2.077072858810425
"
Skeletonize,Map3,34,"2.0860626697540283
"
Skeletonize,Map3,35,"2.1045472621917725
"
Skeletonize,Map3,36,"2.084825277328491
"
Skeletonize,Map3,37,"2.096508741378784
"
Skeletonize,Map3,38,"2.0975799560546875
"
Skeletonize,Map3,39,"2.077374219894409
"
Skeletonize,Map3,40,"2.0881574153900146
"
Skeletonize,Map3,41,"2.075059413909912
"
Skeletonize,Map3,42,"2.097062826156616
"
Skeletonize,Map3,43,"2.0946593284606934
"
Skeletonize,Map3,44,"2.0889689922332764
"
Skeletonize,Map3,45,"2.0966851711273193
"
Skeletonize,Map3,46,"2.0677661895751953
"
Skeletonize,Map3,47,"2.0869545936584473
"
Skeletonize,Map3,48,"2.083843231201172
"
Skeletonize,Map3,49,"2.096630096435547
"
Skeletonize,Map3,50,"2.0845718383789062
"
Skeletonize,Map3,51,"2.07002592086792
"
Skeletonize,Map3,52,"2.0815231800079346
"
Skeletonize,Map3,53,"2.087364435195923
"
Skeletonize,Map3,54,"2.1081318855285645
"
Skeletonize,Map3,55,"2.080117702484131
"
Skeletonize,Map3,56,"2.093018054962158
"
Skeletonize,Map3,57,"2.1023972034454346
"
Skeletonize,Map3,58,"2.1092593669891357
"
Skeletonize,Map3,59,"2.087261915206909
"
Skeletonize,Map3,60,"2.0834903717041016
"
Skeletonize,Map3,61,"2.0975914001464844
"
Skeletonize,Map3,62,"2.087329149246216
"
Skeletonize,Map3,63,"2.103468179702759
"
Skeletonize,Map3,64,"2.102670431137085
"
Skeletonize,Map3,65,"2.1056599617004395
"
Skeletonize,Map3,66,"2.0617692470550537
"
Skeletonize,Map3,67,"2.0856213569641113
"
Skeletonize,Map3,68,"2.09906268119812
"
Skeletonize,Map3,69,"2.1217987537384033
"
Skeletonize,Map3,70,"2.1017887592315674
"
Skeletonize,Map3,71,"2.106483221054077
"
Skeletonize,Map3,72,"2.125209093093872
"
Skeletonize,Map3,73,"2.093899965286255
"
Skeletonize,Map3,74,"2.1187572479248047
"
Skeletonize,Map3,75,"2.115598201751709
"
Skeletonize,Map3,76,"2.0990586280822754
"
Skeletonize,Map3,77,"2.1116671562194824
"
Skeletonize,Map3,78,"2.0771162509918213
"
Skeletonize,Map3,79,"2.08569073677063
"
Skeletonize,Map3,80,"2.0955398082733154
"
Skeletonize,Map3,81,"2.095953941345215
"
Skeletonize,Map3,82,"2.100288152694702
"
Skeletonize,Map3,83,"2.0921285152435303
"
Skeletonize,Map3,84,"2.0865089893341064
"
Skeletonize,Map3,85,"2.112046241760254
"
Skeletonize,Map3,86,"2.0872209072113037
"
Skeletonize,Map3,87,"2.094855546951294
"
Skeletonize,Map3,88,"2.1106982231140137
"
Skeletonize,Map3,89,"2.0915207862854004
"
Skeletonize,Map3,90,"2.0926921367645264
"
Skeletonize,Map3,91,"2.095372438430786
"
Skeletonize,Map3,92,"2.0970518589019775
"
Skeletonize,Map3,93,"2.077165365219116
"
Skeletonize,Map3,94,"2.1018316745758057
"
Skeletonize,Map3,95,"2.095076084136963
"
Skeletonize,Map3,96,"2.082521438598633
"
Skeletonize,Map3,97,"2.10581636428833
"
Skeletonize,Map3,98,"2.0913164615631104
"
Skeletonize,Map3,99,"2.100165843963623
"
Skeletonize,Map3,100,"2.115265369415283
"
Skeletonize,Map4,1,"2.0038764476776123
"
Skeletonize,Map4,2,"2.0366432666778564
"
Skeletonize,Map4,3,"2.0415902137756348
"
Skeletonize,Map4,4,"2.043942451477051
"
Skeletonize,Map4,5,"2.0796992778778076
"
Skeletonize,Map4,6,"2.096302032470703
"
Skeletonize,Map4,7,"2.0602099895477295
"
Skeletonize,Map4,8,"2.036759853363037
"
Skeletonize,Map4,9,"2.055940866470337
"
Skeletonize,Map4,10,"2.04289174079895
"
Skeletonize,Map4,11,"2.0424857139587402
"
Skeletonize,Map4,12,"2.0616772174835205
"
Skeletonize,Map4,13,"2.073524236679077
"
Skeletonize,Map4,14,"2.0690040588378906
"
Skeletonize,Map4,15,"2.051481008529663
"
Skeletonize,Map4,16,"2.073103427886963
"
Skeletonize,Map4,17,"2.0797691345214844
"
Skeletonize,Map4,18,"2.073679208755493
"
Skeletonize,Map4,19,"2.0660033226013184
"
Skeletonize,Map4,20,"2.0463619232177734
"
Skeletonize,Map4,21,"2.0850002765655518
"
Skeletonize,Map4,22,"2.0534684658050537
"
Skeletonize,Map4,23,"2.0496323108673096
"
Skeletonize,Map4,24,"2.0385050773620605
"
Skeletonize,Map4,25,"2.0587403774261475
"
Skeletonize,Map4,26,"2.0520832538604736
"
Skeletonize,Map4,27,"2.067873954772949
"
Skeletonize,Map4,28,"2.0773935317993164
"
Skeletonize,Map4,29,"2.063251495361328
"
Skeletonize,Map4,30,"2.047880172729492
"
Skeletonize,Map4,31,"2.053614616394043
"
Skeletonize,Map4,32,"2.0765273571014404
"
Skeletonize,Map4,33,"2.0715534687042236
"
Skeletonize,Map4,34,"2.072995662689209
"
Skeletonize,Map4,35,"2.087902545928955
"
Skeletonize,Map4,36,"2.074671745300293
"
Skeletonize,Map4,37,"2.0992510318756104
"
Skeletonize,Map4,38,"2.090327262878418
"
Skeletonize,Map4,39,"2.093592882156372
"
Skeletonize,Map4,40,"2.0712697505950928
"
Skeletonize,Map4,41,"2.090085506439209
"
Skeletonize,Map4,42,"2.1027636528015137
"
Skeletonize,Map4,43,"2.1227200031280518
"
Skeletonize,Map4,44,"2.0976004600524902
"
Skeletonize,Map4,45,"2.0725507736206055
"
Skeletonize,Map4,46,"2.091642379760742
"
Skeletonize,Map4,47,"2.108057737350464
"
Skeletonize,Map4,48,"2.0975377559661865
"
Skeletonize,Map4,49,"2.0957796573638916
"
Skeletonize,Map4,50,"2.1065309047698975
"
Skeletonize,Map4,51,"2.083111524581909
"
Skeletonize,Map4,52,"2.090579032897949
"
Skeletonize,Map4,53,"2.0842978954315186
"
Skeletonize,Map4,54,"2.098543167114258
"
Skeletonize,Map4,55,"2.116572380065918
"
Skeletonize,Map4,56,"2.096449851989746
"
Skeletonize,Map4,57,"2.0943334102630615
"
Skeletonize,Map4,58,"2.0957112312316895
"
Skeletonize,Map4,59,"2.098013401031494
"
Skeletonize,Map4,60,"2.087507963180542
"
Skeletonize,Map4,61,"2.1200063228607178
"
Skeletonize,Map4,62,"2.1179122924804688
"
Skeletonize,Map4,63,"2.096156597137451
"
Skeletonize,Map4,64,"2.1048502922058105
"
Skeletonize,Map4,65,"2.0860774517059326
"
Skeletonize,Map4,66,"2.114420175552368
"
Skeletonize,Map4,67,"2.0858139991760254
"
Skeletonize,Map4,68,"2.098839044570923
"
Skeletonize,Map4,69,"2.091989278793335
"
Skeletonize,Map4,70,"2.1122021675109863
"
Skeletonize,Map4,71,"2.1027495861053467
"
Skeletonize,Map4,72,"2.1043710708618164
"
Skeletonize,Map4,73,"2.129685163497925
"
Skeletonize,Map4,74,"2.100497007369995
"
Skeletonize,Map4,75,"2.0967164039611816
"
Skeletonize,Map4,76,"2.112016201019287
"
Skeletonize,Map4,77,"2.1084365844726562
"
Skeletonize,Map4,78,"2.1196694374084473
"
Skeletonize,Map4,79,"2.0910110473632812
"
Skeletonize,Map4,80,"2.116321325302124
"
Skeletonize,Map4,81,"2.0913100242614746
"
Skeletonize,Map4,82,"2.108821153640747
"
Skeletonize,Map4,83,"2.115440607070923
"
Skeletonize,Map4,84,"2.0780389308929443
"
Skeletonize,Map4,85,"2.1213362216949463
"
Skeletonize,Map4,86,"2.093069076538086
"
Skeletonize,Map4,87,"2.112053871154785
"
Skeletonize,Map4,88,"2.0940308570861816
"
Skeletonize,Map4,89,"2.1211562156677246
"
Skeletonize,Map4,90,"2.0843911170959473
"
Skeletonize,Map4,91,"2.0994274616241455
"
Skeletonize,Map4,92,"2.115615129470825
"
Skeletonize,Map4,93,"2.0931310653686523
"
Skeletonize,Map4,94,"2.0908679962158203
"
Skeletonize,Map4,95,"2.10615873336792
"
Skeletonize,Map4,96,"2.0916099548339844
"
Skeletonize,Map4,97,"2.106844902038574
"
Skeletonize,Map4,98,"2.111044406890869
"
Skeletonize,Map4,99,"2.1315982341766357
"
Skeletonize,Map4,100,"2.1062567234039307
"
Skeletonize,Map5,1,"2.0368103981018066
"
Skeletonize,Map5,2,"2.0876305103302
"
Skeletonize,Map5,3,"2.026042938232422
"
Skeletonize,Map5,4,"2.072286605834961
"
Skeletonize,Map5,5,"2.0651211738586426
"
Skeletonize,Map5,6,"2.116504669189453
"
Skeletonize,Map5,7,"2.0429136753082275
"
Skeletonize,Map5,8,"2.070448875427246
"
Skeletonize,Map5,9,"2.0740885734558105
"
Skeletonize,Map5,10,"2.0782148838043213
"
Skeletonize,Map5,11,"2.0642213821411133
"
Skeletonize,Map5,12,"2.094156265258789
"
Skeletonize,Map5,13,"2.079706907272339
"
Skeletonize,Map5,14,"2.1018590927124023
"
Skeletonize,Map5,15,"2.111072301864624
"
Skeletonize,Map5,16,"2.076354742050171
"
Skeletonize,Map5,17,"2.090776205062866
"
Skeletonize,Map5,18,"2.1126906871795654
"
Skeletonize,Map5,19,"2.0951008796691895
"
Skeletonize,Map5,20,"2.083653688430786
"
Skeletonize,Map5,21,"2.088357448577881
"
Skeletonize,Map5,22,"2.102857828140259
"
Skeletonize,Map5,23,"2.1286532878875732
"
Skeletonize,Map5,24,"2.052335739135742
"
Skeletonize,Map5,25,"2.102771759033203
"
Skeletonize,Map5,26,"2.0977044105529785
"
Skeletonize,Map5,27,"2.1135218143463135
"
Skeletonize,Map5,28,"2.1210358142852783
"
Skeletonize,Map5,29,"2.104653835296631
"
Skeletonize,Map5,30,"2.1085801124572754
"
Skeletonize,Map5,31,"2.121854543685913
"
Skeletonize,Map5,32,"2.108567953109741
"
Skeletonize,Map5,33,"2.0884275436401367
"
Skeletonize,Map5,34,"2.1025447845458984
"
Skeletonize,Map5,35,"2.1059539318084717
"
Skeletonize,Map5,36,"2.0918588638305664
"
Skeletonize,Map5,37,"2.1049890518188477
"
Skeletonize,Map5,38,"2.086395263671875
"
Skeletonize,Map5,39,"2.1070175170898438
"
Skeletonize,Map5,40,"2.087862014770508
"
Skeletonize,Map5,41,"2.0943589210510254
"
Skeletonize,Map5,42,"2.097543954849243
"
Skeletonize,Map5,43,"2.111217498779297
"
Skeletonize,Map5,44,"2.098820209503174
"
Skeletonize,Map5,45,"2.1056854724884033
"
Skeletonize,Map5,46,"2.1382367610931396
"
Skeletonize,Map5,47,"2.1472864151000977
"
Skeletonize,Map5,48,"2.1414217948913574
"
Skeletonize,Map5,49,"2.1113967895507812
"
Skeletonize,Map5,50,"2.0907270908355713
"
Skeletonize,Map5,51,"2.066422939300537
"
Skeletonize,Map5,52,"2.1129050254821777
"
Skeletonize,Map5,53,"2.110118865966797
"
Skeletonize,Map5,54,"2.1286370754241943
"
Skeletonize,Map5,55,"2.1130168437957764
"
Skeletonize,Map5,56,"2.1067214012145996
"
Skeletonize,Map5,57,"2.1280319690704346
"
Skeletonize,Map5,58,"2.0833518505096436
"
Skeletonize,Map5,59,"2.0970778465270996
"
Skeletonize,Map5,60,"2.108592987060547
"
Skeletonize,Map5,61,"2.113680601119995
"
Skeletonize,Map5,62,"2.1085429191589355
"
Skeletonize,Map5,63,"2.109981060028076
"
Skeletonize,Map5,64,"2.1335902214050293
"
Skeletonize,Map5,65,"2.1080727577209473
"
Skeletonize,Map5,66,"2.08897066116333
"
Skeletonize,Map5,67,"2.119946002960205
"
Skeletonize,Map5,68,"2.0730814933776855
"
Skeletonize,Map5,69,"2.095689535140991
"
Skeletonize,Map5,70,"2.1076691150665283
"
Skeletonize,Map5,71,"2.1079578399658203
"
Skeletonize,Map5,72,"2.055626392364502
"
Skeletonize,Map5,73,"2.0736167430877686
"
Skeletonize,Map5,74,"2.0643222332000732
"
Skeletonize,Map5,75,"2.1020286083221436
"
Skeletonize,Map5,76,"2.1085121631622314
"
Skeletonize,Map5,77,"2.087246894836426
"
Skeletonize,Map5,78,"2.116403818130493
"
Skeletonize,Map5,79,"2.0913336277008057
"
Skeletonize,Map5,80,"2.079287528991699
"
Skeletonize,Map5,81,"2.068596124649048
"
Skeletonize,Map5,82,"2.122304916381836
"
Skeletonize,Map5,83,"2.1315300464630127
"
Skeletonize,Map5,84,"2.1260271072387695
"
Skeletonize,Map5,85,"2.1311142444610596
"
Skeletonize,Map5,86,"2.1079940795898438
"
Skeletonize,Map5,87,"2.102503776550293
"
Skeletonize,Map5,88,"2.106187105178833
"
Skeletonize,Map5,89,"2.1123788356781006
"
Skeletonize,Map5,90,"2.0985758304595947
"
Skeletonize,Map5,91,"2.1006722450256348
"
Skeletonize,Map5,92,"2.1163973808288574
"
Skeletonize,Map5,93,"2.139951229095459
"
Skeletonize,Map5,94,"2.091346025466919
"
Skeletonize,Map5,95,"2.1167142391204834
"
Skeletonize,Map5,96,"2.1553292274475098
"
Skeletonize,Map5,97,"2.121706008911133
"
Skeletonize,Map5,98,"2.118162155151367
"
Skeletonize,Map5,99,"2.089700698852539
"
Skeletonize,Map5,100,"2.1266491413116455
"
PRM,Map1,1,"0.07040953636169434
"
PRM,Map1,2,"0.06270003318786621
"
PRM,Map1,3,"0.062277793884277344
"
PRM,Map1,4,"0.07632136344909668
"
PRM,Map1,5,"0.06600046157836914
"
PRM,Map1,6,"0.06484031677246094
"
PRM,Map1,7,"0.08214688301086426
"
PRM,Map1,8,"0.06587839126586914
"
PRM,Map1,9,"0.07041025161743164
"
PRM,Map1,10,"0.06310534477233887
"
PRM,Map1,11,"0.06567716598510742
"
PRM,Map1,12,"0.06129050254821777
"
PRM,Map1,13,"0.06349372863769531
"
PRM,Map1,14,"0.06285405158996582
"
PRM,Map1,15,"0.06843137741088867
"
PRM,Map1,16,"0.07653999328613281
"
PRM,Map1,17,"0.0659630298614502
"
PRM,Map1,18,"0.07219123840332031
"
PRM,Map1,19,"0.06404685974121094
"
PRM,Map1,20,"0.06021237373352051
"
PRM,Map1,21,"0.06007957458496094
"
PRM,Map1,22,"0.07362604141235352
"
PRM,Map1,23,"0.07426142692565918
"
PRM,Map1,24,"0.07702255249023438
"
PRM,Map1,25,"0.057498931884765625
"
PRM,Map1,26,"0.07899260520935059
"
PRM,Map1,27,"0.07499837875366211
"
PRM,Map1,28,"0.05556082725524902
"
PRM,Map1,29,"0.06923508644104004
"
PRM,Map1,30,"0.0592038631439209
"
PRM,Map1,31,"0.0638418197631836
"
PRM,Map1,32,"0.06484031677246094
"
PRM,Map1,33,"0.07979726791381836
"
PRM,Map1,34,"0.06603765487670898
"
PRM,Map1,35,"0.05799102783203125
"
PRM,Map1,36,"0.07514524459838867
"
PRM,Map1,37,"0.07571530342102051
"
PRM,Map1,38,"0.07262182235717773
"
PRM,Map1,39,"0.06195712089538574
"
PRM,Map1,40,"0.06918168067932129
"
PRM,Map1,41,"0.06899237632751465
"
PRM,Map1,42,"0.07139253616333008
"
PRM,Map1,43,"0.05069851875305176
"
PRM,Map1,44,"0.0714261531829834
"
PRM,Map1,45,"0.06570196151733398
"
PRM,Map1,46,"0.059288740158081055
"
PRM,Map1,47,"0.061302900314331055
"
PRM,Map1,48,"0.06585812568664551
"
PRM,Map1,49,"0.07152318954467773
"
PRM,Map1,50,"0.07663583755493164
"
PRM,Map1,51,"0.07533526420593262
"
PRM,Map1,52,"0.06415653228759766
"
PRM,Map1,53,"0.07946395874023438
"
PRM,Map1,54,"0.06762242317199707
"
PRM,Map1,55,"0.07279706001281738
"
PRM,Map1,56,"0.07445979118347168
"
PRM,Map1,57,"0.05687403678894043
"
PRM,Map1,58,"0.059793710708618164
"
PRM,Map1,59,"0.0605015754699707
"
PRM,Map1,60,"0.06725502014160156
"
PRM,Map1,61,"0.07749104499816895
"
PRM,Map1,62,"0.06990385055541992
"
PRM,Map1,63,"0.053591251373291016
"
PRM,Map1,64,"0.0716557502746582
"
PRM,Map1,65,"0.08192873001098633
"
PRM,Map1,66,"0.06288647651672363
"
PRM,Map1,67,"0.06896829605102539
"
PRM,Map1,68,"0.06346297264099121
"
PRM,Map1,69,"0.06769824028015137
"
PRM,Map1,70,"0.06359195709228516
"
PRM,Map1,71,"0.08193016052246094
"
PRM,Map1,72,"0.06307458877563477
"
PRM,Map1,73,"0.07309174537658691
"
PRM,Map1,74,"0.05253028869628906
"
PRM,Map1,75,"0.06451106071472168
"
PRM,Map1,76,"0.06783866882324219
"
PRM,Map1,77,"0.07176542282104492
"
PRM,Map1,78,"0.08036375045776367
"
PRM,Map1,79,"0.06832480430603027
"
PRM,Map1,80,"0.08580327033996582
"
PRM,Map1,81,"0.07153129577636719
"
PRM,Map1,82,"0.0797271728515625
"
PRM,Map1,83,"0.06199288368225098
"
PRM,Map1,84,"0.06148171424865723
"
PRM,Map1,85,"0.07922029495239258
"
PRM,Map1,86,"0.06898903846740723
"
PRM,Map1,87,"0.07312798500061035
"
PRM,Map1,88,"0.07510805130004883
"
PRM,Map1,89,"0.08095932006835938
"
PRM,Map1,90,"0.0669410228729248
"
PRM,Map1,91,"0.06567716598510742
"
PRM,Map1,92,"0.05578494071960449
"
PRM,Map1,93,"0.07855582237243652
"
PRM,Map1,94,"0.08611083030700684
"
PRM,Map1,95,"0.06472134590148926
"
PRM,Map1,96,"0.06501150131225586
"
PRM,Map1,97,"0.07677292823791504
"
PRM,Map1,98,"0.07860088348388672
"
PRM,Map1,99,"0.06455826759338379
"
PRM,Map1,100,"0.0594639778137207
"
PRM,Map1,101,"0.04738926887512207
"
PRM,Map1,102,"0.05255413055419922
"
PRM,Map1,103,"0.04954075813293457
"
PRM,Map1,104,"0.04326272010803223
"
PRM,Map1,105,"0.041106224060058594
"
PRM,Map1,106,"0.0392911434173584
"
PRM,Map1,107,"0.053743839263916016
"
PRM,Map1,108,"0.06535720825195312
"
PRM,Map1,109,"0.057843923568725586
"
PRM,Map1,110,"0.0412440299987793
"
PRM,Map1,111,"0.03284502029418945
"
PRM,Map1,112,"0.05138564109802246
"
PRM,Map1,113,"0.032514095306396484
"
PRM,Map1,114,"0.059577226638793945
"
PRM,Map1,115,"0.055165767669677734
"
PRM,Map1,116,"0.04089236259460449
"
PRM,Map1,117,"0.047658681869506836
"
PRM,Map1,118,"0.050600290298461914
"
PRM,Map1,119,"0.046723127365112305
"
PRM,Map1,120,"0.04037165641784668
"
PRM,Map1,121,"0.045649051666259766
"
PRM,Map1,122,"0.05156111717224121
"
PRM,Map1,123,"0.048181772232055664
"
PRM,Map1,124,"0.042406320571899414
"
PRM,Map1,125,"0.04892683029174805
"
PRM,Map1,126,"0.03859400749206543
"
PRM,Map1,127,"0.03708624839782715
"
PRM,Map1,128,"0.04787731170654297
"
PRM,Map1,129,"0.05286073684692383
"
PRM,Map1,130,"0.048940420150756836
"
PRM,Map1,131,"0.05527234077453613
"
PRM,Map1,132,"0.041866302490234375
"
PRM,Map1,133,"0.047754764556884766
"
PRM,Map1,134,"0.04927825927734375
"
PRM,Map1,135,"0.04302620887756348
"
PRM,Map1,136,"0.049059391021728516
"
PRM,Map1,137,"0.06714749336242676
"
PRM,Map1,138,"0.05247235298156738
"
PRM,Map1,139,"0.054863691329956055
"
PRM,Map1,140,"0.05998563766479492
"
PRM,Map1,141,"0.072479248046875
"
PRM,Map1,142,"0.04368019104003906
"
PRM,Map1,143,"0.05415010452270508
"
PRM,Map1,144,"0.04441046714782715
"
PRM,Map1,145,"0.05878615379333496
"
PRM,Map1,146,"0.05006670951843262
"
PRM,Map1,147,"0.05469918251037598
"
PRM,Map1,148,"0.04511284828186035
"
PRM,Map1,149,"0.0579071044921875
"
PRM,Map1,150,"0.037207603454589844
"
PRM,Map1,151,"0.03892397880554199
"
PRM,Map1,152,"0.05029106140136719
"
PRM,Map1,153,"0.04952406883239746
"
PRM,Map1,154,"0.051412105560302734
"
PRM,Map1,155,"0.042459726333618164
"
PRM,Map1,156,"0.04485774040222168
"
PRM,Map1,157,"0.046271562576293945
"
PRM,Map1,158,"0.04773759841918945
"
PRM,Map1,159,"0.0430145263671875
"
PRM,Map1,160,"0.045822858810424805
"
PRM,Map1,161,"0.042586565017700195
"
PRM,Map1,162,"0.04957318305969238
"
PRM,Map1,163,"0.039794921875
"
PRM,Map1,164,"0.0501399040222168
"
PRM,Map1,165,"0.043526649475097656
"
PRM,Map1,166,"0.045888423919677734
"
PRM,Map1,167,"0.05362725257873535
"
PRM,Map1,168,"0.059326887130737305
"
PRM,Map1,169,"0.05170416831970215
"
PRM,Map1,170,"0.04022097587585449
"
PRM,Map1,171,"0.04430651664733887
"
PRM,Map1,172,"0.05481314659118652
"
PRM,Map1,173,"0.04876518249511719
"
PRM,Map1,174,"0.05901193618774414
"
PRM,Map1,175,"0.04985785484313965
"
PRM,Map1,176,"0.05318498611450195
"
PRM,Map1,177,"0.0677025318145752
"
PRM,Map1,178,"0.05347609519958496
"
PRM,Map1,179,"0.04661870002746582
"
PRM,Map1,180,"0.043344736099243164
"
PRM,Map1,181,"0.04161429405212402
"
PRM,Map1,182,"0.06062150001525879
"
PRM,Map1,183,"0.051518917083740234
"
PRM,Map1,184,"0.0510096549987793
"
PRM,Map1,185,"0.04377150535583496
"
PRM,Map1,186,"0.04370284080505371
"
PRM,Map1,187,"0.050523996353149414
"
PRM,Map1,188,"0.04258275032043457
"
PRM,Map1,189,"0.045799970626831055
"
PRM,Map1,190,"0.04996943473815918
"
PRM,Map1,191,"0.045450448989868164
"
PRM,Map1,192,"0.04821944236755371
"
PRM,Map1,193,"0.054221153259277344
"
PRM,Map1,194,"0.04595661163330078
"
PRM,Map1,195,"0.04903364181518555
"
PRM,Map1,196,"0.043695926666259766
"
PRM,Map1,197,"0.04423165321350098
"
PRM,Map1,198,"0.05136442184448242
"
PRM,Map1,199,"0.055487632751464844
"
PRM,Map1,200,"0.04769325256347656
"
PRM,Map2,1,"0.07977652549743652
"
PRM,Map2,2,"0.04991436004638672
"
PRM,Map2,3,"0.06226491928100586
"
PRM,Map2,4,"0.06618237495422363
"
PRM,Map2,5,"0.06345415115356445
"
PRM,Map2,6,"0.06429171562194824
"
PRM,Map2,7,"0.055077552795410156
"
PRM,Map2,8,"0.060848236083984375
"
PRM,Map2,9,"0.07435798645019531
"
PRM,Map2,10,"0.05158209800720215
"
PRM,Map2,11,"0.0603938102722168
"
PRM,Map2,12,"0.061363935470581055
"
PRM,Map2,13,"0.05852627754211426
"
PRM,Map2,14,"0.06541562080383301
"
PRM,Map2,15,"0.06669783592224121
"
PRM,Map2,16,"0.06061744689941406
"
PRM,Map2,17,"0.06193399429321289
"
PRM,Map2,18,"0.06430339813232422
"
PRM,Map2,19,"0.05849456787109375
"
PRM,Map2,20,"0.06832456588745117
"
PRM,Map2,21,"0.05476188659667969
"
PRM,Map2,22,"0.06453347206115723
"
PRM,Map2,23,"0.06942868232727051
"
PRM,Map2,24,"0.06442928314208984
"
PRM,Map2,25,"0.06343412399291992
"
PRM,Map2,26,"0.05684256553649902
"
PRM,Map2,27,"0.06134986877441406
"
PRM,Map2,28,"0.06194424629211426
"
PRM,Map2,29,"0.06020069122314453
"
PRM,Map2,30,"0.0638284683227539
"
PRM,Map2,31,"0.055939674377441406
"
PRM,Map2,32,"0.06774020195007324
"
PRM,Map2,33,"0.061980485916137695
"
PRM,Map2,34,"0.06095623970031738
"
PRM,Map2,35,"0.0615079402923584
"
PRM,Map2,36,"0.06342554092407227
"
PRM,Map2,37,"0.060132503509521484
"
PRM,Map2,38,"0.06151437759399414
"
PRM,Map2,39,"0.06758999824523926
"
PRM,Map2,40,"0.07073616981506348
"
PRM,Map2,41,"0.0610198974609375
"
PRM,Map2,42,"0.06941413879394531
"
PRM,Map2,43,"0.05532670021057129
"
PRM,Map2,44,"0.07050776481628418
"
PRM,Map2,45,"0.06558895111083984
"
PRM,Map2,46,"0.059925079345703125
"
PRM,Map2,47,"0.06134176254272461
"
PRM,Map2,48,"0.05822467803955078
"
PRM,Map2,49,"0.06151008605957031
"
PRM,Map2,50,"0.06442689895629883
"
PRM,Map2,51,"0.06817436218261719
"
PRM,Map2,52,"0.07403063774108887
"
PRM,Map2,53,"0.07325863838195801
"
PRM,Map2,54,"0.06939101219177246
"
PRM,Map2,55,"0.0679619312286377
"
PRM,Map2,56,"0.06799888610839844
"
PRM,Map2,57,"0.06731081008911133
"
PRM,Map2,58,"0.05698204040527344
"
PRM,Map2,59,"0.05737948417663574
"
PRM,Map2,60,"0.06316089630126953
"
PRM,Map2,61,"0.0619962215423584
"
PRM,Map2,62,"0.06282377243041992
"
PRM,Map2,63,"0.055889129638671875
"
PRM,Map2,64,"0.059868812561035156
"
PRM,Map2,65,"0.07236433029174805
"
PRM,Map2,66,"0.0588071346282959
"
PRM,Map2,67,"0.059885263442993164
"
PRM,Map2,68,"0.06062030792236328
"
PRM,Map2,69,"0.0534818172454834
"
PRM,Map2,70,"0.062465667724609375
"
PRM,Map2,71,"0.05597805976867676
"
PRM,Map2,72,"0.06095004081726074
"
PRM,Map2,73,"0.07161116600036621
"
PRM,Map2,74,"0.06481313705444336
"
PRM,Map2,75,"0.0658562183380127
"
PRM,Map2,76,"0.05963850021362305
"
PRM,Map2,77,"0.06003165245056152
"
PRM,Map2,78,"0.05518150329589844
"
PRM,Map2,79,"0.06469202041625977
"
PRM,Map2,80,"0.06272435188293457
"
PRM,Map2,81,"0.07674217224121094
"
PRM,Map2,82,"0.05715060234069824
"
PRM,Map2,83,"0.06678175926208496
"
PRM,Map2,84,"0.06583285331726074
"
PRM,Map2,85,"0.055933475494384766
"
PRM,Map2,86,"0.06504034996032715
"
PRM,Map2,87,"0.06448221206665039
"
PRM,Map2,88,"0.06478261947631836
"
PRM,Map2,89,"0.07382869720458984
"
PRM,Map2,90,"0.0688478946685791
"
PRM,Map2,91,"0.06843805313110352
"
PRM,Map2,92,"0.06912684440612793
"
PRM,Map2,93,"0.06296157836914062
"
PRM,Map2,94,"0.06720113754272461
"
PRM,Map2,95,"0.06661844253540039
"
PRM,Map2,96,"0.07008600234985352
"
PRM,Map2,97,"0.06632852554321289
"
PRM,Map2,98,"0.07195377349853516
"
PRM,Map2,99,"0.0665731430053711
"
PRM,Map2,100,"0.06808090209960938
"
PRM,Map2,101,"0.043235063552856445
"
PRM,Map2,102,"0.04398703575134277
"
PRM,Map2,103,"0.039826154708862305
"
PRM,Map2,104,"0.046891212463378906
"
PRM,Map2,105,"0.04314875602722168
"
PRM,Map2,106,"0.03386235237121582
"
PRM,Map2,107,"0.03491997718811035
"
PRM,Map2,108,"0.049921512603759766
"
PRM,Map2,109,"0.03977799415588379
"
PRM,Map2,110,"0.039819955825805664
"
PRM,Map2,111,"0.04593634605407715
"
PRM,Map2,112,"0.04289412498474121
"
PRM,Map2,113,"0.03904604911804199
"
PRM,Map2,114,"0.048128366470336914
"
PRM,Map2,115,"0.03997325897216797
"
PRM,Map2,116,"0.041730642318725586
"
PRM,Map2,117,"0.039946556091308594
"
PRM,Map2,118,"0.040641069412231445
"
PRM,Map2,119,"0.03967714309692383
"
PRM,Map2,120,"0.04152965545654297
"
PRM,Map2,121,"0.0365602970123291
"
PRM,Map2,122,"0.03708195686340332
"
PRM,Map2,123,"0.03712964057922363
"
PRM,Map2,124,"0.0458521842956543
"
PRM,Map2,125,"0.041974544525146484
"
PRM,Map2,126,"0.033673763275146484
"
PRM,Map2,127,"0.04485201835632324
"
PRM,Map2,128,"0.046083927154541016
"
PRM,Map2,129,"0.03676557540893555
"
PRM,Map2,130,"0.039793968200683594
"
PRM,Map2,131,"0.04175400733947754
"
PRM,Map2,132,"0.03488564491271973
"
PRM,Map2,133,"0.038843393325805664
"
PRM,Map2,134,"0.042206525802612305
"
PRM,Map2,135,"0.04077029228210449
"
PRM,Map2,136,"0.045435428619384766
"
PRM,Map2,137,"0.0407259464263916
"
PRM,Map2,138,"0.04332232475280762
"
PRM,Map2,139,"0.038164615631103516
"
PRM,Map2,140,"0.049649953842163086
"
PRM,Map2,141,"0.04884982109069824
"
PRM,Map2,142,"0.04944658279418945
"
PRM,Map2,143,"0.05068659782409668
"
PRM,Map2,144,"0.04472160339355469
"
PRM,Map2,145,"0.045697689056396484
"
PRM,Map2,146,"0.044210195541381836
"
PRM,Map2,147,"0.03970789909362793
"
PRM,Map2,148,"0.04058480262756348
"
PRM,Map2,149,"0.038886070251464844
"
PRM,Map2,150,"0.042522430419921875
"
PRM,Map2,151,"0.04866433143615723
"
PRM,Map2,152,"0.04810667037963867
"
PRM,Map2,153,"0.03695321083068848
"
PRM,Map2,154,"0.04200410842895508
"
PRM,Map2,155,"0.04155588150024414
"
PRM,Map2,156,"0.04725980758666992
"
PRM,Map2,157,"0.04123568534851074
"
PRM,Map2,158,"0.04050469398498535
"
PRM,Map2,159,"0.03757190704345703
"
PRM,Map2,160,"0.04117393493652344
"
PRM,Map2,161,"0.040239810943603516
"
PRM,Map2,162,"0.04305219650268555
"
PRM,Map2,163,"0.03718161582946777
"
PRM,Map2,164,"0.04095125198364258
"
PRM,Map2,165,"0.04975128173828125
"
PRM,Map2,166,"0.04434990882873535
"
PRM,Map2,167,"0.0464625358581543
"
PRM,Map2,168,"0.041400909423828125
"
PRM,Map2,169,"0.04210805892944336
"
PRM,Map2,170,"0.05069994926452637
"
PRM,Map2,171,"0.03951311111450195
"
PRM,Map2,172,"0.04887127876281738
"
PRM,Map2,173,"0.03686642646789551
"
PRM,Map2,174,"0.03883624076843262
"
PRM,Map2,175,"0.045528411865234375
"
PRM,Map2,176,"0.04225516319274902
"
PRM,Map2,177,"0.04744744300842285
"
PRM,Map2,178,"0.05063962936401367
"
PRM,Map2,179,"0.0408778190612793
"
PRM,Map2,180,"0.04687929153442383
"
PRM,Map2,181,"0.04331684112548828
"
PRM,Map2,182,"0.04701042175292969
"
PRM,Map2,183,"0.037021636962890625
"
PRM,Map2,184,"0.04638552665710449
"
PRM,Map2,185,"0.03717327117919922
"
PRM,Map2,186,"0.04100990295410156
"
PRM,Map2,187,"0.0428617000579834
"
PRM,Map2,188,"0.04819965362548828
"
PRM,Map2,189,"0.04646873474121094
"
PRM,Map2,190,"0.03395199775695801
"
PRM,Map2,191,"0.045047760009765625
"
PRM,Map2,192,"0.04830789566040039
"
PRM,Map2,193,"0.04770922660827637
"
PRM,Map2,194,"0.041651248931884766
"
PRM,Map2,195,"0.04254508018493652
"
PRM,Map2,196,"0.051656484603881836
"
PRM,Map2,197,"0.048835039138793945
"
PRM,Map2,198,"0.040679216384887695
"
PRM,Map2,199,"0.03747749328613281
"
PRM,Map2,200,"0.040696144104003906
"
PRM,Map3,1,"0.04833507537841797
"
PRM,Map3,2,"0.05254077911376953
"
PRM,Map3,3,"0.05098772048950195
"
PRM,Map3,4,"0.04696393013000488
"
PRM,Map3,5,"0.05384016036987305
"
PRM,Map3,6,"0.04797768592834473
"
PRM,Map3,7,"0.05098271369934082
"
PRM,Map3,8,"0.04847407341003418
"
PRM,Map3,9,"0.053557395935058594
"
PRM,Map3,10,"0.049427032470703125
"
PRM,Map3,11,"0.04069662094116211
"
PRM,Map3,12,"0.05144238471984863
"
PRM,Map3,13,"0.047376155853271484
"
PRM,Map3,14,"0.061380863189697266
"
PRM,Map3,15,"0.04991960525512695
"
PRM,Map3,16,"0.05701279640197754
"
PRM,Map3,17,"0.04867434501647949
"
PRM,Map3,18,"0.050850629806518555
"
PRM,Map3,19,"0.05652451515197754
"
PRM,Map3,20,"0.05827212333679199
"
PRM,Map3,21,"0.05263209342956543
"
PRM,Map3,22,"0.0361788272857666
"
PRM,Map3,23,"0.0553126335144043
"
PRM,Map3,24,"0.047208309173583984
"
PRM,Map3,25,"0.050014495849609375
"
PRM,Map3,26,"0.04010367393493652
"
PRM,Map3,27,"0.04803609848022461
"
PRM,Map3,28,"0.042710065841674805
"
PRM,Map3,29,"0.04614686965942383
"
PRM,Map3,30,"0.04413199424743652
"
PRM,Map3,31,"0.05204319953918457
"
PRM,Map3,32,"0.048760414123535156
"
PRM,Map3,33,"0.05259871482849121
"
PRM,Map3,34,"0.04763984680175781
"
PRM,Map3,35,"0.04671359062194824
"
PRM,Map3,36,"0.04409933090209961
"
PRM,Map3,37,"0.050615549087524414
"
PRM,Map3,38,"0.051541805267333984
"
PRM,Map3,39,"0.05054068565368652
"
PRM,Map3,40,"0.05135011672973633
"
PRM,Map3,41,"0.050354957580566406
"
PRM,Map3,42,"0.04697990417480469
"
PRM,Map3,43,"0.042474985122680664
"
PRM,Map3,44,"0.04196000099182129
"
PRM,Map3,45,"0.048873186111450195
"
PRM,Map3,46,"0.04265403747558594
"
PRM,Map3,47,"0.044831037521362305
"
PRM,Map3,48,"0.049576520919799805
"
PRM,Map3,49,"0.051076650619506836
"
PRM,Map3,50,"0.04859733581542969
"
PRM,Map3,51,"0.04778337478637695
"
PRM,Map3,52,"0.04831814765930176
"
PRM,Map3,53,"0.03831791877746582
"
PRM,Map3,54,"0.05302834510803223
"
PRM,Map3,55,"0.05402660369873047
"
PRM,Map3,56,"0.05149579048156738
"
PRM,Map3,57,"0.052266836166381836
"
PRM,Map3,58,"0.0535585880279541
"
PRM,Map3,59,"0.05312609672546387
"
PRM,Map3,60,"0.049675703048706055
"
PRM,Map3,61,"0.04890894889831543
"
PRM,Map3,62,"0.04679059982299805
"
PRM,Map3,63,"0.047072410583496094
"
PRM,Map3,64,"0.05234384536743164
"
PRM,Map3,65,"0.05447125434875488
"
PRM,Map3,66,"0.04712986946105957
"
PRM,Map3,67,"0.0555882453918457
"
PRM,Map3,68,"0.048249244689941406
"
PRM,Map3,69,"0.052701473236083984
"
PRM,Map3,70,"0.048536062240600586
"
PRM,Map3,71,"0.04664134979248047
"
PRM,Map3,72,"0.05058860778808594
"
PRM,Map3,73,"0.04969334602355957
"
PRM,Map3,74,"0.05280804634094238
"
PRM,Map3,75,"0.05042243003845215
"
PRM,Map3,76,"0.04405665397644043
"
PRM,Map3,77,"0.04970216751098633
"
PRM,Map3,78,"0.039006948471069336
"
PRM,Map3,79,"0.047754526138305664
"
PRM,Map3,80,"0.051883697509765625
"
PRM,Map3,81,"0.054006099700927734
"
PRM,Map3,82,"0.04997897148132324
"
PRM,Map3,83,"0.043096303939819336
"
PRM,Map3,84,"0.04631948471069336
"
PRM,Map3,85,"0.05219602584838867
"
PRM,Map3,86,"0.05001711845397949
"
PRM,Map3,87,"0.04706621170043945
"
PRM,Map3,88,"0.04899001121520996
"
PRM,Map3,89,"0.04758810997009277
"
PRM,Map3,90,"0.04802989959716797
"
PRM,Map3,91,"0.04516768455505371
"
PRM,Map3,92,"0.05042266845703125
"
PRM,Map3,93,"0.04533195495605469
"
PRM,Map3,94,"0.04711103439331055
"
PRM,Map3,95,"0.039542198181152344
"
PRM,Map3,96,"0.053702354431152344
"
PRM,Map3,97,"0.05545353889465332
"
PRM,Map3,98,"0.038886308670043945
"
PRM,Map3,99,"0.04765462875366211
"
PRM,Map3,100,"0.03815436363220215
"
PRM,Map3,101,"0.04213070869445801
"
PRM,Map3,102,"0.0297701358795166
"
PRM,Map3,103,"0.025407075881958008
"
PRM,Map3,104,"0.04367947578430176
"
PRM,Map3,105,"0.02714395523071289
"
PRM,Map3,106,"0.03126883506774902
"
PRM,Map3,107,"0.035312652587890625
"
PRM,Map3,108,"0.024485111236572266
"
PRM,Map3,109,"0.03560376167297363
"
PRM,Map3,110,"0.03246927261352539
"
PRM,Map3,111,"0.030858755111694336
"
PRM,Map3,112,"0.024503469467163086
"
PRM,Map3,113,"0.030240297317504883
"
PRM,Map3,114,"0.028351306915283203
"
PRM,Map3,115,"0.025350570678710938
"
PRM,Map3,116,"0.026799678802490234
"
PRM,Map3,117,"0.03056168556213379
"
PRM,Map3,118,"0.03635525703430176
"
PRM,Map3,119,"0.031076908111572266
"
PRM,Map3,120,"0.030040264129638672
"
PRM,Map3,121,"0.025838613510131836
"
PRM,Map3,122,"0.03276491165161133
"
PRM,Map3,123,"0.027321815490722656
"
PRM,Map3,124,"0.02696847915649414
"
PRM,Map3,125,"0.034516334533691406
"
PRM,Map3,126,"0.030550241470336914
"
PRM,Map3,127,"0.030565977096557617
"
PRM,Map3,128,"0.03410649299621582
"
PRM,Map3,129,"0.0332949161529541
"
PRM,Map3,130,"0.0274813175201416
"
PRM,Map3,131,"0.029546260833740234
"
PRM,Map3,132,"0.02922654151916504
"
PRM,Map3,133,"0.027110815048217773
"
PRM,Map3,134,"0.028665542602539062
"
PRM,Map3,135,"0.027088642120361328
"
PRM,Map3,136,"0.028887510299682617
"
PRM,Map3,137,"0.02929830551147461
"
PRM,Map3,138,"0.025562047958374023
"
PRM,Map3,139,"0.0350494384765625
"
PRM,Map3,140,"0.02736949920654297
"
PRM,Map3,141,"0.03444480895996094
"
PRM,Map3,142,"0.03638124465942383
"
PRM,Map3,143,"0.033513784408569336
"
PRM,Map3,144,"0.0342409610748291
"
PRM,Map3,145,"0.028223037719726562
"
PRM,Map3,146,"0.032651424407958984
"
PRM,Map3,147,"0.03369474411010742
"
PRM,Map3,148,"0.03327369689941406
"
PRM,Map3,149,"0.02547478675842285
"
PRM,Map3,150,"0.03558063507080078
"
PRM,Map3,151,"0.03145241737365723
"
PRM,Map3,152,"0.03183269500732422
"
PRM,Map3,153,"0.030696868896484375
"
PRM,Map3,154,"0.029064178466796875
"
PRM,Map3,155,"0.030161380767822266
"
PRM,Map3,156,"0.03247523307800293
"
PRM,Map3,157,"0.03157186508178711
"
PRM,Map3,158,"0.028175830841064453
"
PRM,Map3,159,"0.02974247932434082
"
PRM,Map3,160,"0.028009414672851562
"
PRM,Map3,161,"0.03030228614807129
"
PRM,Map3,162,"0.033979177474975586
"
PRM,Map3,163,"0.028436899185180664
"
PRM,Map3,164,"0.029309511184692383
"
PRM,Map3,165,"0.030821800231933594
"
PRM,Map3,166,"0.027546167373657227
"
PRM,Map3,167,"0.03130221366882324
"
PRM,Map3,168,"0.029640674591064453
"
PRM,Map3,169,"0.03693866729736328
"
PRM,Map3,170,"0.028035402297973633
"
PRM,Map3,171,"0.030798912048339844
"
PRM,Map3,172,"0.03579068183898926
"
PRM,Map3,173,"0.03467154502868652
"
PRM,Map3,174,"0.03669452667236328
"
PRM,Map3,175,"0.02884960174560547
"
PRM,Map3,176,"0.03486061096191406
"
PRM,Map3,177,"0.030161142349243164
"
PRM,Map3,178,"0.03516268730163574
"
PRM,Map3,179,"0.026737451553344727
"
PRM,Map3,180,"0.03274846076965332
"
PRM,Map3,181,"0.03483247756958008
"
PRM,Map3,182,"0.029682397842407227
"
PRM,Map3,183,"0.026168107986450195
"
PRM,Map3,184,"0.030211210250854492
"
PRM,Map3,185,"0.029703378677368164
"
PRM,Map3,186,"0.027869701385498047
"
PRM,Map3,187,"0.025016069412231445
"
PRM,Map3,188,"0.025227069854736328
"
PRM,Map3,189,"0.031131982803344727
"
PRM,Map3,190,"0.028354644775390625
"
PRM,Map3,191,"0.042249202728271484
"
PRM,Map3,192,"0.0308072566986084
"
PRM,Map3,193,"0.03188776969909668
"
PRM,Map3,194,"0.036681175231933594
"
PRM,Map3,195,"0.026300430297851562
"
PRM,Map3,196,"0.03806185722351074
"
PRM,Map3,197,"0.03659510612487793
"
PRM,Map3,198,"0.031929731369018555
"
PRM,Map3,199,"0.03252077102661133
"
PRM,Map3,200,"0.03163552284240723
"
PRM,Map4,1,"0.039606332778930664
"
PRM,Map4,2,"0.04404473304748535
"
PRM,Map4,3,"0.03792619705200195
"
PRM,Map4,4,"0.03139472007751465
"
PRM,Map4,5,"0.03346562385559082
"
PRM,Map4,6,"0.03595709800720215
"
PRM,Map4,7,"0.03263354301452637
"
PRM,Map4,8,"0.03863024711608887
"
PRM,Map4,9,"0.03903913497924805
"
PRM,Map4,10,"0.04238724708557129
"
PRM,Map4,11,"0.04063558578491211
"
PRM,Map4,12,"0.03919363021850586
"
PRM,Map4,13,"0.04309487342834473
"
PRM,Map4,14,"0.036414384841918945
"
PRM,Map4,15,"0.03165626525878906
"
PRM,Map4,16,"0.04089474678039551
"
PRM,Map4,17,"0.0476078987121582
"
PRM,Map4,18,"0.04028010368347168
"
PRM,Map4,19,"0.03835487365722656
"
PRM,Map4,20,"0.03606772422790527
"
PRM,Map4,21,"0.03784680366516113
"
PRM,Map4,22,"0.04015755653381348
"
PRM,Map4,23,"0.03378582000732422
"
PRM,Map4,24,"0.043965816497802734
"
PRM,Map4,25,"0.045339107513427734
"
PRM,Map4,26,"0.03999805450439453
"
PRM,Map4,27,"0.042092323303222656
"
PRM,Map4,28,"0.034371376037597656
"
PRM,Map4,29,"0.03320956230163574
"
PRM,Map4,30,"0.03838038444519043
"
PRM,Map4,31,"0.032933712005615234
"
PRM,Map4,32,"0.04739117622375488
"
PRM,Map4,33,"0.04035639762878418
"
PRM,Map4,34,"0.04118800163269043
"
PRM,Map4,35,"0.03517961502075195
"
PRM,Map4,36,"0.031191349029541016
"
PRM,Map4,37,"0.04177546501159668
"
PRM,Map4,38,"0.03487253189086914
"
PRM,Map4,39,"0.03990960121154785
"
PRM,Map4,40,"0.03890037536621094
"
PRM,Map4,41,"0.03438735008239746
"
PRM,Map4,42,"0.036223649978637695
"
PRM,Map4,43,"0.04162240028381348
"
PRM,Map4,44,"0.03802323341369629
"
PRM,Map4,45,"0.03400421142578125
"
PRM,Map4,46,"0.04339408874511719
"
PRM,Map4,47,"0.03303241729736328
"
PRM,Map4,48,"0.03537321090698242
"
PRM,Map4,49,"0.04406476020812988
"
PRM,Map4,50,"0.04541969299316406
"
PRM,Map4,51,"0.04460787773132324
"
PRM,Map4,52,"0.032755374908447266
"
PRM,Map4,53,"0.02709054946899414
"
PRM,Map4,54,"0.042410850524902344
"
PRM,Map4,55,"0.03563427925109863
"
PRM,Map4,56,"0.03914070129394531
"
PRM,Map4,57,"0.03623318672180176
"
PRM,Map4,58,"0.04529261589050293
"
PRM,Map4,59,"0.04454827308654785
"
PRM,Map4,60,"0.03527235984802246
"
PRM,Map4,61,"0.036138057708740234
"
PRM,Map4,62,"0.040535926818847656
"
PRM,Map4,63,"0.0371243953704834
"
PRM,Map4,64,"0.03883934020996094
"
PRM,Map4,65,"0.038088083267211914
"
PRM,Map4,66,"0.03718113899230957
"
PRM,Map4,67,"0.0400850772857666
"
PRM,Map4,68,"0.04185152053833008
"
PRM,Map4,69,"0.0449981689453125
"
PRM,Map4,70,"0.033598899841308594
"
PRM,Map4,71,"0.039551734924316406
"
PRM,Map4,72,"0.03504323959350586
"
PRM,Map4,73,"0.0332951545715332
"
PRM,Map4,74,"0.04374861717224121
"
PRM,Map4,75,"0.03890395164489746
"
PRM,Map4,76,"0.03745245933532715
"
PRM,Map4,77,"0.03806161880493164
"
PRM,Map4,78,"0.046576499938964844
"
PRM,Map4,79,"0.04224562644958496
"
PRM,Map4,80,"0.044266700744628906
"
PRM,Map4,81,"0.04092884063720703
"
PRM,Map4,82,"0.038295745849609375
"
PRM,Map4,83,"0.03357124328613281
"
PRM,Map4,84,"0.0410308837890625
"
PRM,Map4,85,"0.04463958740234375
"
PRM,Map4,86,"0.0433192253112793
"
PRM,Map4,87,"0.0406649112701416
"
PRM,Map4,88,"0.039363861083984375
"
PRM,Map4,89,"0.033693552017211914
"
PRM,Map4,90,"0.04174065589904785
"
PRM,Map4,91,"0.038272857666015625
"
PRM,Map4,92,"0.03477168083190918
"
PRM,Map4,93,"0.03716707229614258
"
PRM,Map4,94,"0.04891157150268555
"
PRM,Map4,95,"0.029469013214111328
"
PRM,Map4,96,"0.0381474494934082
"
PRM,Map4,97,"0.032987356185913086
"
PRM,Map4,98,"0.03637576103210449
"
PRM,Map4,99,"0.03436851501464844
"
PRM,Map4,100,"0.043004751205444336
"
PRM,Map4,101,"0.02068328857421875
"
PRM,Map4,102,"0.02302694320678711
"
PRM,Map4,103,"0.02235579490661621
"
PRM,Map4,104,"0.023081302642822266
"
PRM,Map4,105,"0.02038407325744629
"
PRM,Map4,106,"0.023712158203125
"
PRM,Map4,107,"0.029158592224121094
"
PRM,Map4,108,"0.022121906280517578
"
PRM,Map4,109,"0.02420663833618164
"
PRM,Map4,110,"0.028339862823486328
"
PRM,Map4,111,"0.029150009155273438
"
PRM,Map4,112,"0.02262091636657715
"
PRM,Map4,113,"0.021646738052368164
"
PRM,Map4,114,"0.02300715446472168
"
PRM,Map4,115,"0.022571563720703125
"
PRM,Map4,116,"0.022989988327026367
"
PRM,Map4,117,"0.02556753158569336
"
PRM,Map4,118,"0.026545286178588867
"
PRM,Map4,119,"0.0217437744140625
"
PRM,Map4,120,"0.026070833206176758
"
PRM,Map4,121,"0.024698495864868164
"
PRM,Map4,122,"0.02027273178100586
"
PRM,Map4,123,"0.02094864845275879
"
PRM,Map4,124,"0.026326894760131836
"
PRM,Map4,125,"0.024344682693481445
"
PRM,Map4,126,"0.026147127151489258
"
PRM,Map4,127,"0.019148826599121094
"
PRM,Map4,128,"0.02340531349182129
"
PRM,Map4,129,"0.025023937225341797
"
PRM,Map4,130,"0.024027347564697266
"
PRM,Map4,131,"0.020720958709716797
"
PRM,Map4,132,"0.026997089385986328
"
PRM,Map4,133,"0.020312786102294922
"
PRM,Map4,134,"0.025533437728881836
"
PRM,Map4,135,"0.01920008659362793
"
PRM,Map4,136,"0.021179914474487305
"
PRM,Map4,137,"0.022520780563354492
"
PRM,Map4,138,"0.02687668800354004
"
PRM,Map4,139,"0.02662515640258789
"
PRM,Map4,140,"0.02432084083557129
"
PRM,Map4,141,"0.026874542236328125
"
PRM,Map4,142,"0.022540807723999023
"
PRM,Map4,143,"0.019609451293945312
"
PRM,Map4,144,"0.02787041664123535
"
PRM,Map4,145,"0.02518439292907715
"
PRM,Map4,146,"0.02267765998840332
"
PRM,Map4,147,"0.025862693786621094
"
PRM,Map4,148,"0.020587444305419922
"
PRM,Map4,149,"0.03128170967102051
"
PRM,Map4,150,"0.024548053741455078
"
PRM,Map4,151,"0.021108388900756836
"
PRM,Map4,152,"0.021003007888793945
"
PRM,Map4,153,"0.02040863037109375
"
PRM,Map4,154,"0.02297687530517578
"
PRM,Map4,155,"0.02389836311340332
"
PRM,Map4,156,"0.019437074661254883
"
PRM,Map4,157,"0.022055625915527344
"
PRM,Map4,158,"0.03054356575012207
"
PRM,Map4,159,"0.022701263427734375
"
PRM,Map4,160,"0.021453380584716797
"
PRM,Map4,161,"0.02366328239440918
"
PRM,Map4,162,"0.020790576934814453
"
PRM,Map4,163,"0.026417016983032227
"
PRM,Map4,164,"0.03318953514099121
"
PRM,Map4,165,"0.0235140323638916
"
PRM,Map4,166,"0.02463531494140625
"
PRM,Map4,167,"0.016363859176635742
"
PRM,Map4,168,"0.02816939353942871
"
PRM,Map4,169,"0.019031047821044922
"
PRM,Map4,170,"0.024840831756591797
"
PRM,Map4,171,"0.024292707443237305
"
PRM,Map4,172,"0.022463321685791016
"
PRM,Map4,173,"0.02317333221435547
"
PRM,Map4,174,"0.030709505081176758
"
PRM,Map4,175,"0.025173664093017578
"
PRM,Map4,176,"0.02205038070678711
"
PRM,Map4,177,"0.0214540958404541
"
PRM,Map4,178,"0.026422739028930664
"
PRM,Map4,179,"0.032521724700927734
"
PRM,Map4,180,"0.02642202377319336
"
PRM,Map4,181,"0.024229049682617188
"
PRM,Map4,182,"0.027663469314575195
"
PRM,Map4,183,"0.026516199111938477
"
PRM,Map4,184,"0.027773618698120117
"
PRM,Map4,185,"0.030912399291992188
"
PRM,Map4,186,"0.02478933334350586
"
PRM,Map4,187,"0.021921873092651367
"
PRM,Map4,188,"0.024274110794067383
"
PRM,Map4,189,"0.029850244522094727
"
PRM,Map4,190,"0.02184295654296875
"
PRM,Map4,191,"0.028546810150146484
"
PRM,Map4,192,"0.019789934158325195
"
PRM,Map4,193,"0.021518468856811523
"
PRM,Map4,194,"0.024173498153686523
"
PRM,Map4,195,"0.023334980010986328
"
PRM,Map4,196,"0.027603864669799805
"
PRM,Map4,197,"0.022428274154663086
"
PRM,Map4,198,"0.02210068702697754
"
PRM,Map4,199,"0.02785181999206543
"
PRM,Map4,200,"0.023046255111694336
"
PRM,Map5,1,"0.042229652404785156
"
PRM,Map5,2,"0.031847238540649414
"
PRM,Map5,3,"0.027442455291748047
"
PRM,Map5,4,"0.03817582130432129
"
PRM,Map5,5,"0.03340029716491699
"
PRM,Map5,6,"0.03071117401123047
"
PRM,Map5,7,"0.03775382041931152
"
PRM,Map5,8,"0.027062416076660156
"
PRM,Map5,9,"0.03176164627075195
"
PRM,Map5,10,"0.0359339714050293
"
PRM,Map5,11,"0.03400111198425293
"
PRM,Map5,12,"0.03234052658081055
"
PRM,Map5,13,"0.04218602180480957
"
PRM,Map5,14,"0.03810238838195801
"
PRM,Map5,15,"0.03917813301086426
"
PRM,Map5,16,"0.031265974044799805
"
PRM,Map5,17,"0.027544498443603516
"
PRM,Map5,18,"0.0311434268951416
"
PRM,Map5,19,"0.04208946228027344
"
PRM,Map5,20,"0.03141927719116211
"
PRM,Map5,21,"0.034676313400268555
"
PRM,Map5,22,"0.03821992874145508
"
PRM,Map5,23,"0.03146815299987793
"
PRM,Map5,24,"0.03561282157897949
"
PRM,Map5,25,"0.025989532470703125
"
PRM,Map5,26,"0.03728365898132324
"
PRM,Map5,27,"0.03914785385131836
"
PRM,Map5,28,"0.03256940841674805
"
PRM,Map5,29,"0.035073280334472656
"
PRM,Map5,30,"0.030983448028564453
"
PRM,Map5,31,"0.03127908706665039
"
PRM,Map5,32,"0.031533241271972656
"
PRM,Map5,33,"0.030574798583984375
"
PRM,Map5,34,"0.03665423393249512
"
PRM,Map5,35,"0.028934478759765625
"
PRM,Map5,36,"0.02607131004333496
"
PRM,Map5,37,"0.036409854888916016
"
PRM,Map5,38,"0.033716678619384766
"
PRM,Map5,39,"0.04073309898376465
"
PRM,Map5,40,"0.029011964797973633
"
PRM,Map5,41,"0.03364062309265137
"
PRM,Map5,42,"0.032021522521972656
"
PRM,Map5,43,"0.03498721122741699
"
PRM,Map5,44,"0.030894994735717773
"
PRM,Map5,45,"0.036754608154296875
"
PRM,Map5,46,"0.031630516052246094
"
PRM,Map5,47,"0.04361867904663086
"
PRM,Map5,48,"0.033795833587646484
"
PRM,Map5,49,"0.029876708984375
"
PRM,Map5,50,"0.03966379165649414
"
PRM,Map5,51,"0.03660106658935547
"
PRM,Map5,52,"0.037589311599731445
"
PRM,Map5,53,"0.03795671463012695
"
PRM,Map5,54,"0.029941558837890625
"
PRM,Map5,55,"0.03422832489013672
"
PRM,Map5,56,"0.030627965927124023
"
PRM,Map5,57,"0.03505992889404297
"
PRM,Map5,58,"0.03630971908569336
"
PRM,Map5,59,"0.03545260429382324
"
PRM,Map5,60,"0.03323674201965332
"
PRM,Map5,61,"0.028368234634399414
"
PRM,Map5,62,"0.031115293502807617
"
PRM,Map5,63,"0.03145599365234375
"
PRM,Map5,64,"0.03791999816894531
"
PRM,Map5,65,"0.03432941436767578
"
PRM,Map5,66,"0.03699350357055664
"
PRM,Map5,67,"0.03184247016906738
"
PRM,Map5,68,"0.03490591049194336
"
PRM,Map5,69,"0.04216623306274414
"
PRM,Map5,70,"0.03341317176818848
"
PRM,Map5,71,"0.03522443771362305
"
PRM,Map5,72,"0.033026695251464844
"
PRM,Map5,73,"0.04152631759643555
"
PRM,Map5,74,"0.044214487075805664
"
PRM,Map5,75,"0.035555124282836914
"
PRM,Map5,76,"0.03922867774963379
"
PRM,Map5,77,"0.031621456146240234
"
PRM,Map5,78,"0.0396575927734375
"
PRM,Map5,79,"0.040813446044921875
"
PRM,Map5,80,"0.029169797897338867
"
PRM,Map5,81,"0.03659391403198242
"
PRM,Map5,82,"0.032968759536743164
"
PRM,Map5,83,"0.027280092239379883
"
PRM,Map5,84,"0.03615617752075195
"
PRM,Map5,85,"0.038547515869140625
"
PRM,Map5,86,"0.041558265686035156
"
PRM,Map5,87,"0.0383608341217041
"
PRM,Map5,88,"0.0339818000793457
"
PRM,Map5,89,"0.03138279914855957
"
PRM,Map5,90,"0.03525662422180176
"
PRM,Map5,91,"0.034738779067993164
"
PRM,Map5,92,"0.030586719512939453
"
PRM,Map5,93,"0.0316157341003418
"
PRM,Map5,94,"0.03864598274230957
"
PRM,Map5,95,"0.042054176330566406
"
PRM,Map5,96,"0.034108638763427734
"
PRM,Map5,97,"0.04289698600769043
"
PRM,Map5,98,"0.03260970115661621
"
PRM,Map5,99,"0.03691577911376953
"
PRM,Map5,100,"0.03520059585571289
"
PRM,Map5,101,"0.02566361427307129
"
PRM,Map5,102,"0.023894071578979492
"
PRM,Map5,103,"0.01660013198852539
"
PRM,Map5,104,"0.018463850021362305
"
PRM,Map5,105,"0.026949644088745117
"
PRM,Map5,106,"0.021849632263183594
"
PRM,Map5,107,"0.02272939682006836
"
PRM,Map5,108,"0.024175643920898438
"
PRM,Map5,109,"0.023216962814331055
"
PRM,Map5,110,"0.019909381866455078
"
PRM,Map5,111,"0.02486276626586914
"
PRM,Map5,112,"0.019774675369262695
"
PRM,Map5,113,"0.020233869552612305
"
PRM,Map5,114,"0.01694631576538086
"
PRM,Map5,115,"0.023627758026123047
"
PRM,Map5,116,"0.025101423263549805
"
PRM,Map5,117,"0.022122621536254883
"
PRM,Map5,118,"0.024529695510864258
"
PRM,Map5,119,"0.022998332977294922
"
PRM,Map5,120,"0.01739668846130371
"
PRM,Map5,121,"0.018652677536010742
"
PRM,Map5,122,"0.024641036987304688
"
PRM,Map5,123,"0.018781661987304688
"
PRM,Map5,124,"0.02150893211364746
"
PRM,Map5,125,"0.01705646514892578
"
PRM,Map5,126,"0.01890397071838379
"
PRM,Map5,127,"0.019957304000854492
"
PRM,Map5,128,"0.02186727523803711
"
PRM,Map5,129,"0.021144628524780273
"
PRM,Map5,130,"0.021247386932373047
"
PRM,Map5,131,"0.025116443634033203
"
PRM,Map5,132,"0.026832103729248047
"
PRM,Map5,133,"0.016878604888916016
"
PRM,Map5,134,"0.020240306854248047
"
PRM,Map5,135,"0.020595312118530273
"
PRM,Map5,136,"0.01934504508972168
"
PRM,Map5,137,"0.02155900001525879
"
PRM,Map5,138,"0.018985748291015625
"
PRM,Map5,139,"0.02199721336364746
"
PRM,Map5,140,"0.01710200309753418
"
PRM,Map5,141,"0.02339935302734375
"
PRM,Map5,142,"0.022435903549194336
"
PRM,Map5,143,"0.026226520538330078
"
PRM,Map5,144,"0.016010761260986328
"
PRM,Map5,145,"0.013406991958618164
"
PRM,Map5,146,"0.026510953903198242
"
PRM,Map5,147,"0.02455615997314453
"
PRM,Map5,148,"0.01745891571044922
"
PRM,Map5,149,"0.021184206008911133
"
PRM,Map5,150,"0.023870229721069336
"
PRM,Map5,151,"0.022718191146850586
"
PRM,Map5,152,"0.021463632583618164
"
PRM,Map5,153,"0.02714824676513672
"
PRM,Map5,154,"0.021287918090820312
"
PRM,Map5,155,"0.02325153350830078
"
PRM,Map5,156,"0.016170024871826172
"
PRM,Map5,157,"0.023738861083984375
"
PRM,Map5,158,"0.019913911819458008
"
PRM,Map5,159,"0.024097919464111328
"
PRM,Map5,160,"0.021096229553222656
"
PRM,Map5,161,"0.02266550064086914
"
PRM,Map5,162,"0.018436670303344727
"
PRM,Map5,163,"0.022130489349365234
"
PRM,Map5,164,"0.023233890533447266
"
PRM,Map5,165,"0.021786928176879883
"
PRM,Map5,166,"0.0173494815826416
"
PRM,Map5,167,"0.0197451114654541
"
PRM,Map5,168,"0.01824045181274414
"
PRM,Map5,169,"0.02187490463256836
"
PRM,Map5,170,"0.018193960189819336
"
PRM,Map5,171,"0.02006077766418457
"
PRM,Map5,172,"0.018982410430908203
"
PRM,Map5,173,"0.018612146377563477
"
PRM,Map5,174,"0.02024364471435547
"
PRM,Map5,175,"0.022770404815673828
"
PRM,Map5,176,"0.02202296257019043
"
PRM,Map5,177,"0.016990184783935547
"
PRM,Map5,178,"0.021809101104736328
"
PRM,Map5,179,"0.014600753784179688
"
PRM,Map5,180,"0.020035743713378906
"
PRM,Map5,181,"0.02800464630126953
"
PRM,Map5,182,"0.022247791290283203
"
PRM,Map5,183,"0.017794132232666016
"
PRM,Map5,184,"0.021264076232910156
"
PRM,Map5,185,"0.026982545852661133
"
PRM,Map5,186,"0.01787114143371582
"
PRM,Map5,187,"0.017065763473510742
"
PRM,Map5,188,"0.02230048179626465
"
PRM,Map5,189,"0.02033090591430664
"
PRM,Map5,190,"0.014729738235473633
"
PRM,Map5,191,"0.02051234245300293
"
PRM,Map5,192,"0.024889230728149414
"
PRM,Map5,193,"0.025981903076171875
"
PRM,Map5,194,"0.02252793312072754
"
PRM,Map5,195,"0.02478957176208496
"
PRM,Map5,196,"0.016895532608032227
"
PRM,Map5,197,"0.021055936813354492
"
PRM,Map5,198,"0.019384384155273438
"
PRM,Map5,199,"0.018765926361083984
"
PRM,Map5,200,"0.020635128021240234
"
