Algorithm,Map,Run,Computation Time
Skeletonize,Map1,1,"1.2706263065338135
"
Skeletonize,Map1,2,"1.3075127601623535
"
Skeletonize,Map1,3,"1.2785956859588623
"
Skeletonize,Map1,4,"1.2656118869781494
"
Skeletonize,Map1,5,"1.260619878768921
"
Skeletonize,Map1,6,"1.3234586715698242
"
Skeletonize,Map1,7,"1.269601583480835
"
Skeletonize,Map1,8,"1.2646372318267822
"
Skeletonize,Map1,9,"1.2766108512878418
"
Skeletonize,Map1,10,"1.2815706729888916
"
Skeletonize,Map1,11,"1.2766032218933105
"
Skeletonize,Map1,12,"1.274609088897705
"
Skeletonize,Map1,13,"1.2755870819091797
"
Skeletonize,Map1,14,"1.2865777015686035
"
Skeletonize,Map1,15,"1.2786049842834473
"
Skeletonize,Map1,16,"1.2807414531707764
"
Skeletonize,Map1,17,"1.290574073791504
"
Skeletonize,Map1,18,"1.2995226383209229
"
Skeletonize,Map1,19,"1.2787272930145264
"
Skeletonize,Map1,20,"1.3084983825683594
"
Skeletonize,Map1,21,"1.2759418487548828
"
Skeletonize,Map1,22,"1.355395793914795
"
Skeletonize,Map1,23,"1.2805712223052979
"
Skeletonize,Map1,24,"1.2966558933258057
"
Skeletonize,Map1,25,"1.3025150299072266
"
Skeletonize,Map1,26,"1.3295822143554688
"
Skeletonize,Map1,27,"1.2837271690368652
"
Skeletonize,Map1,28,"1.3074932098388672
"
Skeletonize,Map1,29,"1.3144831657409668
"
Skeletonize,Map1,30,"1.3334519863128662
"
Skeletonize,Map1,31,"1.2925610542297363
"
Skeletonize,Map1,32,"1.3284437656402588
"
Skeletonize,Map1,33,"1.379575490951538
"
Skeletonize,Map1,34,"1.3553757667541504
"
Skeletonize,Map1,35,"1.3095180988311768
"
Skeletonize,Map1,36,"1.2865588665008545
"
Skeletonize,Map1,37,"1.3156371116638184
"
Skeletonize,Map1,38,"1.2905659675598145
"
Skeletonize,Map1,39,"1.3194968700408936
"
Skeletonize,Map1,40,"1.3365774154663086
"
Skeletonize,Map1,41,"1.315479040145874
"
Skeletonize,Map1,42,"1.3035407066345215
"
Skeletonize,Map1,43,"1.280583143234253
"
Skeletonize,Map1,44,"1.2895379066467285
"
Skeletonize,Map1,45,"1.2935380935668945
"
Skeletonize,Map1,46,"1.305506706237793
"
Skeletonize,Map1,47,"1.2816052436828613
"
Skeletonize,Map1,48,"1.3036682605743408
"
Skeletonize,Map1,49,"1.3300645351409912
"
Skeletonize,Map1,50,"1.3454012870788574
"
Skeletonize,Map1,51,"1.265613079071045
"
Skeletonize,Map1,52,"1.2915704250335693
"
Skeletonize,Map1,53,"1.3274469375610352
"
Skeletonize,Map1,54,"1.3224892616271973
"
Skeletonize,Map1,55,"1.288550853729248
"
Skeletonize,Map1,56,"1.402247428894043
"
Skeletonize,Map1,57,"1.308518886566162
"
Skeletonize,Map1,58,"1.2825982570648193
"
Skeletonize,Map1,59,"1.2823383808135986
"
Skeletonize,Map1,60,"1.2905693054199219
"
Skeletonize,Map1,61,"1.2995431423187256
"
Skeletonize,Map1,62,"1.296682357788086
"
Skeletonize,Map1,63,"1.2825677394866943
"
Skeletonize,Map1,64,"1.2945561408996582
"
Skeletonize,Map1,65,"1.3135085105895996
"
Skeletonize,Map1,66,"1.3613572120666504
"
Skeletonize,Map1,67,"1.285560131072998
"
Skeletonize,Map1,68,"1.2965497970581055
"
Skeletonize,Map1,69,"1.3105206489562988
"
Skeletonize,Map1,70,"1.27158784866333
"
Skeletonize,Map1,71,"1.2745893001556396
"
Skeletonize,Map1,72,"1.3015189170837402
"
Skeletonize,Map1,73,"1.3254528045654297
"
Skeletonize,Map1,74,"1.294536828994751
"
Skeletonize,Map1,75,"1.287553310394287
"
Skeletonize,Map1,76,"1.2746093273162842
"
Skeletonize,Map1,77,"1.3145077228546143
"
Skeletonize,Map1,78,"1.281597375869751
"
Skeletonize,Map1,79,"1.2925622463226318
"
Skeletonize,Map1,80,"1.277580976486206
"
Skeletonize,Map1,81,"1.313485860824585
"
Skeletonize,Map1,82,"1.2835643291473389
"
Skeletonize,Map1,83,"1.3045310974121094
"
Skeletonize,Map1,84,"1.343437910079956
"
Skeletonize,Map1,85,"1.3035101890563965
"
Skeletonize,Map1,86,"1.3025426864624023
"
Skeletonize,Map1,87,"1.2985458374023438
"
Skeletonize,Map1,88,"1.2865583896636963
"
Skeletonize,Map1,89,"1.314483642578125
"
Skeletonize,Map1,90,"1.295557975769043
"
Skeletonize,Map1,91,"1.261622667312622
"
Skeletonize,Map1,92,"1.3633520603179932
"
Skeletonize,Map1,93,"1.290567398071289
"
Skeletonize,Map1,94,"1.3114697933197021
"
Skeletonize,Map1,95,"1.284583568572998
"
Skeletonize,Map1,96,"1.3154795169830322
"
Skeletonize,Map1,97,"1.303511381149292
"
Skeletonize,Map1,98,"1.2776024341583252
"
Skeletonize,Map1,99,"1.2825679779052734
"
Skeletonize,Map1,100,"1.3145132064819336
"
Skeletonize,Map2,1,"2.6279666423797607
"
Skeletonize,Map2,2,"2.715733051300049
"
Skeletonize,Map2,3,"2.636942148208618
"
Skeletonize,Map2,4,"2.589099884033203
"
Skeletonize,Map2,5,"2.573134660720825
"
Skeletonize,Map2,6,"2.6040029525756836
"
Skeletonize,Map2,7,"2.569127082824707
"
Skeletonize,Map2,8,"2.6200029850006104
"
Skeletonize,Map2,9,"2.615034580230713
"
Skeletonize,Map2,10,"2.6050500869750977
"
Skeletonize,Map2,11,"2.5890729427337646
"
Skeletonize,Map2,12,"2.5672688484191895
"
Skeletonize,Map2,13,"2.584105968475342
"
Skeletonize,Map2,14,"2.599046468734741
"
Skeletonize,Map2,15,"2.573141574859619
"
Skeletonize,Map2,16,"2.6230099201202393
"
Skeletonize,Map2,17,"2.6389377117156982
"
Skeletonize,Map2,18,"2.6140053272247314
"
Skeletonize,Map2,19,"2.5711209774017334
"
Skeletonize,Map2,20,"2.5761265754699707
"
Skeletonize,Map2,21,"2.5820913314819336
"
Skeletonize,Map2,22,"2.615001678466797
"
Skeletonize,Map2,23,"2.6099257469177246
"
Skeletonize,Map2,24,"2.545203447341919
"
Skeletonize,Map2,25,"2.557177782058716
"
Skeletonize,Map2,26,"2.5492045879364014
"
Skeletonize,Map2,27,"2.524925470352173
"
Skeletonize,Map2,28,"2.6968066692352295
"
Skeletonize,Map2,29,"2.5781219005584717
"
Skeletonize,Map2,30,"2.6159989833831787
"
Skeletonize,Map2,31,"2.6409337520599365
"
Skeletonize,Map2,32,"2.588381767272949
"
Skeletonize,Map2,33,"2.570122003555298
"
Skeletonize,Map2,34,"2.6329550743103027
"
Skeletonize,Map2,35,"2.520268440246582
"
Skeletonize,Map2,36,"2.5581421852111816
"
Skeletonize,Map2,37,"2.542224645614624
"
Skeletonize,Map2,38,"2.5741324424743652
"
Skeletonize,Map2,39,"2.5285067558288574
"
Skeletonize,Map2,40,"2.666886568069458
"
Skeletonize,Map2,41,"2.5651609897613525
"
Skeletonize,Map2,42,"2.6020572185516357
"
Skeletonize,Map2,43,"2.792527437210083
"
Skeletonize,Map2,44,"2.623978614807129
"
Skeletonize,Map2,45,"2.5990452766418457
"
Skeletonize,Map2,46,"2.5920650959014893
"
Skeletonize,Map2,47,"2.578122615814209
"
Skeletonize,Map2,48,"2.5781002044677734
"
Skeletonize,Map2,49,"2.5950570106506348
"
Skeletonize,Map2,50,"2.634948968887329
"
Skeletonize,Map2,51,"2.6030352115631104
"
Skeletonize,Map2,52,"2.662125825881958
"
Skeletonize,Map2,53,"2.6169919967651367
"
Skeletonize,Map2,54,"2.6718504428863525
"
Skeletonize,Map2,55,"2.5801355838775635
"
Skeletonize,Map2,56,"2.6648688316345215
"
Skeletonize,Map2,57,"2.606045961380005
"
Skeletonize,Map2,58,"2.6149723529815674
"
Skeletonize,Map2,59,"2.6080667972564697
"
Skeletonize,Map2,60,"2.6120352745056152
"
Skeletonize,Map2,61,"2.598031759262085
"
Skeletonize,Map2,62,"2.5890915393829346
"
Skeletonize,Map2,63,"2.6180145740509033
"
Skeletonize,Map2,64,"2.594594955444336
"
Skeletonize,Map2,65,"2.565155506134033
"
Skeletonize,Map2,66,"2.5930817127227783
"
Skeletonize,Map2,67,"2.5890727043151855
"
Skeletonize,Map2,68,"2.6088783740997314
"
Skeletonize,Map2,69,"2.5551650524139404
"
Skeletonize,Map2,70,"2.5920634269714355
"
Skeletonize,Map2,71,"2.5970494747161865
"
Skeletonize,Map2,72,"2.584113121032715
"
Skeletonize,Map2,73,"2.5611464977264404
"
Skeletonize,Map2,74,"2.6110153198242188
"
Skeletonize,Map2,75,"2.645918369293213
"
Skeletonize,Map2,76,"2.668858051300049
"
Skeletonize,Map2,77,"2.620986223220825
"
Skeletonize,Map2,78,"2.663126230239868
"
Skeletonize,Map2,79,"2.567309617996216
"
Skeletonize,Map2,80,"2.5830883979797363
"
Skeletonize,Map2,81,"2.611013174057007
"
Skeletonize,Map2,82,"2.5701427459716797
"
Skeletonize,Map2,83,"2.5811245441436768
"
Skeletonize,Map2,84,"2.59306001663208
"
Skeletonize,Map2,85,"2.619990348815918
"
Skeletonize,Map2,86,"2.5890443325042725
"
Skeletonize,Map2,87,"2.6450023651123047
"
Skeletonize,Map2,88,"2.547417640686035
"
Skeletonize,Map2,89,"2.606058120727539
"
Skeletonize,Map2,90,"2.5870766639709473
"
Skeletonize,Map2,91,"2.6090173721313477
"
Skeletonize,Map2,92,"2.619990825653076
"
Skeletonize,Map2,93,"2.6140031814575195
"
Skeletonize,Map2,94,"2.5671305656433105
"
Skeletonize,Map2,95,"2.5741329193115234
"
Skeletonize,Map2,96,"2.5870778560638428
"
Skeletonize,Map2,97,"2.5702996253967285
"
Skeletonize,Map2,98,"2.6100149154663086
"
Skeletonize,Map2,99,"2.5960748195648193
"
Skeletonize,Map2,100,"2.5890700817108154
"
Skeletonize,Map3,1,"3.9115309715270996
"
Skeletonize,Map3,2,"3.780884027481079
"
Skeletonize,Map3,3,"3.721031904220581
"
Skeletonize,Map3,4,"3.781909227371216
"
Skeletonize,Map3,5,"3.8506972789764404
"
Skeletonize,Map3,6,"3.7529778480529785
"
Skeletonize,Map3,7,"3.764925479888916
"
Skeletonize,Map3,8,"3.777888536453247
"
Skeletonize,Map3,9,"3.7310166358947754
"
Skeletonize,Map3,10,"3.745976209640503
"
Skeletonize,Map3,11,"3.8188090324401855
"
Skeletonize,Map3,12,"3.711068868637085
"
Skeletonize,Map3,13,"3.8158180713653564
"
Skeletonize,Map3,14,"3.796812057495117
"
Skeletonize,Map3,15,"3.726030111312866
"
Skeletonize,Map3,16,"3.754971742630005
"
Skeletonize,Map3,17,"3.7409894466400146
"
Skeletonize,Map3,18,"3.7270069122314453
"
Skeletonize,Map3,19,"3.7080771923065186
"
Skeletonize,Map3,20,"3.718074083328247
"
Skeletonize,Map3,21,"3.7549312114715576
"
Skeletonize,Map3,22,"3.7170541286468506
"
Skeletonize,Map3,23,"3.7320141792297363
"
Skeletonize,Map3,24,"3.745976448059082
"
Skeletonize,Map3,25,"3.788860321044922
"
Skeletonize,Map3,26,"3.720045566558838
"
Skeletonize,Map3,27,"3.7399933338165283
"
Skeletonize,Map3,28,"3.709094285964966
"
Skeletonize,Map3,29,"3.7499446868896484
"
Skeletonize,Map3,30,"3.7499661445617676
"
Skeletonize,Map3,31,"3.7519612312316895
"
Skeletonize,Map3,32,"3.807809352874756
"
Skeletonize,Map3,33,"3.8491809368133545
"
Skeletonize,Map3,34,"3.7429842948913574
"
Skeletonize,Map3,35,"3.8267312049865723
"
Skeletonize,Map3,36,"3.7310163974761963
"
Skeletonize,Map3,37,"3.8577051162719727
"
Skeletonize,Map3,38,"3.945441484451294
"
Skeletonize,Map3,39,"3.906546115875244
"
Skeletonize,Map3,40,"3.8217718601226807
"
Skeletonize,Map3,41,"3.7409908771514893
"
Skeletonize,Map3,42,"3.728023052215576
"
Skeletonize,Map3,43,"3.774899482727051
"
Skeletonize,Map3,44,"3.791853666305542
"
Skeletonize,Map3,45,"3.7290198802948
"
Skeletonize,Map3,46,"3.7041096687316895
"
Skeletonize,Map3,47,"3.7789194583892822
"
Skeletonize,Map3,48,"3.775864839553833
"
Skeletonize,Map3,49,"3.7479705810546875
"
Skeletonize,Map3,50,"3.7180826663970947
"
Skeletonize,Map3,51,"3.725033760070801
"
Skeletonize,Map3,52,"3.781879425048828
"
Skeletonize,Map3,53,"3.755950689315796
"
Skeletonize,Map3,54,"3.7599377632141113
"
Skeletonize,Map3,55,"3.775026559829712
"
Skeletonize,Map3,56,"3.762930393218994
"
Skeletonize,Map3,57,"3.7379977703094482
"
Skeletonize,Map3,58,"3.7669272422790527
"
Skeletonize,Map3,59,"3.715052604675293
"
Skeletonize,Map3,60,"3.747990846633911
"
Skeletonize,Map3,61,"3.7100512981414795
"
Skeletonize,Map3,62,"3.7320141792297363
"
Skeletonize,Map3,63,"3.742983341217041
"
Skeletonize,Map3,64,"3.752955913543701
"
Skeletonize,Map3,65,"3.7180588245391846
"
Skeletonize,Map3,66,"3.7100725173950195
"
Skeletonize,Map3,67,"3.746974229812622
"
Skeletonize,Map3,68,"3.7998316287994385
"
Skeletonize,Map3,69,"3.7569477558135986
"
Skeletonize,Map3,70,"3.7868661880493164
"
Skeletonize,Map3,71,"3.696108818054199
"
Skeletonize,Map3,72,"4.319439888000488
"
Skeletonize,Map3,73,"3.7689149379730225
"
Skeletonize,Map3,74,"3.701096534729004
"
Skeletonize,Map3,75,"3.688251495361328
"
Skeletonize,Map3,76,"3.7699100971221924
"
Skeletonize,Map3,77,"3.777921199798584
"
Skeletonize,Map3,78,"3.759936809539795
"
Skeletonize,Map3,79,"3.797808885574341
"
Skeletonize,Map3,80,"3.7449772357940674
"
Skeletonize,Map3,81,"3.7529571056365967
"
Skeletonize,Map3,82,"3.7070794105529785
"
Skeletonize,Map3,83,"3.7380032539367676
"
Skeletonize,Map3,84,"3.761944055557251
"
Skeletonize,Map3,85,"3.751960277557373
"
Skeletonize,Map3,86,"3.729041576385498
"
Skeletonize,Map3,87,"3.718052387237549
"
Skeletonize,Map3,88,"3.703089714050293
"
Skeletonize,Map3,89,"3.7210440635681152
"
Skeletonize,Map3,90,"3.780881643295288
"
Skeletonize,Map3,91,"3.7499656677246094
"
Skeletonize,Map3,92,"3.849698543548584
"
Skeletonize,Map3,93,"3.7430059909820557
"
Skeletonize,Map3,94,"3.7529780864715576
"
Skeletonize,Map3,95,"3.807790994644165
"
Skeletonize,Map3,96,"3.74298357963562
"
Skeletonize,Map3,97,"3.871640205383301
"
Skeletonize,Map3,98,"3.7808821201324463
"
Skeletonize,Map3,99,"3.7858693599700928
"
Skeletonize,Map3,100,3.7708990573883057
Skeletonize,Map4,1,"5.846375226974487
"
Skeletonize,Map4,2,"5.820404052734375
"
Skeletonize,Map4,3,"5.774547815322876
"
Skeletonize,Map4,4,"5.778537750244141
"
Skeletonize,Map4,5,"5.821420669555664
"
Skeletonize,Map4,6,"5.810450553894043
"
Skeletonize,Map4,7,"5.763576507568359
"
Skeletonize,Map4,8,"5.742633819580078
"
Skeletonize,Map4,9,"5.778536558151245
"
Skeletonize,Map4,10,"5.845378398895264
"
Skeletonize,Map4,11,"5.975009918212891
"
Skeletonize,Map4,12,"5.849347829818726
"
Skeletonize,Map4,13,"5.7845423221588135
"
Skeletonize,Map4,14,"5.754600286483765
"
Skeletonize,Map4,15,"5.847352981567383
"
Skeletonize,Map4,16,"5.850366115570068
"
Skeletonize,Map4,17,"5.778535604476929
"
Skeletonize,Map4,18,"5.794515609741211
"
Skeletonize,Map4,19,"5.910183429718018
"
Skeletonize,Map4,20,"5.783524036407471
"
Skeletonize,Map4,21,"5.7805328369140625
"
Skeletonize,Map4,22,"5.795491456985474
"
Skeletonize,Map4,23,"5.7496137619018555
"
Skeletonize,Map4,24,"5.773550748825073
"
Skeletonize,Map4,25,"5.769561290740967
"
Skeletonize,Map4,26,"5.819427728652954
"
Skeletonize,Map4,27,"5.827407121658325
"
Skeletonize,Map4,28,"5.872286558151245
"
Skeletonize,Map4,29,"5.844362497329712
"
Skeletonize,Map4,30,"5.761591196060181
"
Skeletonize,Map4,31,"5.76558256149292
"
Skeletonize,Map4,32,"5.870303153991699
"
Skeletonize,Map4,33,"5.851464748382568
"
Skeletonize,Map4,34,"5.813442230224609
"
Skeletonize,Map4,35,"5.751609563827515
"
Skeletonize,Map4,36,"5.836382627487183
"
Skeletonize,Map4,37,"5.823416233062744
"
Skeletonize,Map4,38,"5.787534236907959
"
Skeletonize,Map4,39,"5.823415517807007
"
Skeletonize,Map4,40,"5.914174556732178
"
Skeletonize,Map4,41,"5.851343393325806
"
Skeletonize,Map4,42,"5.892253160476685
"
Skeletonize,Map4,43,"5.856309413909912
"
Skeletonize,Map4,44,"5.766570568084717
"
Skeletonize,Map4,45,"5.748637676239014
"
Skeletonize,Map4,46,"5.791502237319946
"
Skeletonize,Map4,47,"5.742632865905762
"
Skeletonize,Map4,48,"5.820424318313599
"
Skeletonize,Map4,49,"5.887276649475098
"
Skeletonize,Map4,50,"5.818428993225098
"
Skeletonize,Map4,51,"5.776552677154541
"
Skeletonize,Map4,52,"5.797487735748291
"
Skeletonize,Map4,53,"5.7596540451049805
"
Skeletonize,Map4,54,"5.75958776473999
"
Skeletonize,Map4,55,"5.789508104324341
"
Skeletonize,Map4,56,"5.871289253234863
"
Skeletonize,Map4,57,"5.783545732498169
"
Skeletonize,Map4,58,"5.792478322982788
"
Skeletonize,Map4,59,"5.82541298866272
"
Skeletonize,Map4,60,"5.869293451309204
"
Skeletonize,Map4,61,"5.755598545074463
"
Skeletonize,Map4,62,"5.774548292160034
"
Skeletonize,Map4,63,"5.909186124801636
"
Skeletonize,Map4,64,"5.773549795150757
"
Skeletonize,Map4,65,"5.780531167984009
"
Skeletonize,Map4,66,"5.821423768997192
"
Skeletonize,Map4,67,"5.789506673812866
"
Skeletonize,Map4,68,"5.856328964233398
"
Skeletonize,Map4,69,"5.8413708209991455
"
Skeletonize,Map4,70,"5.867297410964966
"
Skeletonize,Map4,71,"5.8154380321502686
"
Skeletonize,Map4,72,"5.814452886581421
"
Skeletonize,Map4,73,"5.806483268737793
"
Skeletonize,Map4,74,"5.8812830448150635
"
Skeletonize,Map4,75,"5.789486408233643
"
Skeletonize,Map4,76,"5.811448812484741
"
Skeletonize,Map4,77,"5.763598203659058
"
Skeletonize,Map4,78,"5.778660774230957
"
Skeletonize,Map4,79,"5.785505533218384
"
Skeletonize,Map4,80,"5.8762757778167725
"
Skeletonize,Map4,81,"5.766572713851929
"
Skeletonize,Map4,82,"5.9221320152282715
"
Skeletonize,Map4,83,"5.816454887390137
"
Skeletonize,Map4,84,"5.862322092056274
"
Skeletonize,Map4,85,"5.810454845428467
"
Skeletonize,Map4,86,"5.8104212284088135
"
Skeletonize,Map4,87,"5.7545998096466064
"
Skeletonize,Map4,88,"5.8373799324035645
"
Skeletonize,Map4,89,"5.818430423736572
"
Skeletonize,Map4,90,"5.902207374572754
"
Skeletonize,Map4,91,"5.806461572647095
"
Skeletonize,Map4,92,"5.7885096073150635
"
Skeletonize,Map4,93,"5.871289253234863
"
Skeletonize,Map4,94,"5.8762757778167725
"
Skeletonize,Map4,95,"5.8014771938323975
"
Skeletonize,Map4,96,"5.79050350189209
"
Skeletonize,Map4,97,"5.833390235900879
"
Skeletonize,Map4,98,"5.857326507568359
"
Skeletonize,Map4,99,"5.802473783493042
"
Skeletonize,Map4,100,5.940104007720947
Skeletonize,Map5,1,"6.255261659622192
"
Skeletonize,Map5,2,"6.200408458709717
"
Skeletonize,Map5,3,"6.226357936859131
"
Skeletonize,Map5,4,"6.227315187454224
"
Skeletonize,Map5,5,"6.191453456878662
"
Skeletonize,Map5,6,"6.240280866622925
"
Skeletonize,Map5,7,"6.186445951461792
"
Skeletonize,Map5,8,"6.219357967376709
"
Skeletonize,Map5,9,"6.204399108886719
"
Skeletonize,Map5,10,"6.1884496212005615
"
Skeletonize,Map5,11,"6.126606225967407
"
Skeletonize,Map5,12,"6.250275135040283
"
Skeletonize,Map5,13,"6.211379528045654
"
Skeletonize,Map5,14,"6.2712180614471436
"
Skeletonize,Map5,15,"6.161520481109619
"
Skeletonize,Map5,16,"6.13759708404541
"
Skeletonize,Map5,17,"6.265355825424194
"
Skeletonize,Map5,18,"6.234317302703857
"
Skeletonize,Map5,19,"6.3290863037109375
"
Skeletonize,Map5,20,"6.23033595085144
"
Skeletonize,Map5,21,"6.2113494873046875
"
Skeletonize,Map5,22,"6.196420431137085
"
Skeletonize,Map5,23,"6.17448878288269
"
Skeletonize,Map5,24,"6.279176712036133
"
Skeletonize,Map5,25,"6.219388008117676
"
Skeletonize,Map5,26,"6.236310243606567
"
Skeletonize,Map5,27,"6.239304304122925
"
Skeletonize,Map5,28,"6.270222425460815
"
Skeletonize,Map5,29,"6.1834540367126465
"
Skeletonize,Map5,30,"6.230337381362915
"
Skeletonize,Map5,31,"6.202402830123901
"
Skeletonize,Map5,32,"6.212377548217773
"
Skeletonize,Map5,33,"6.356988430023193
"
Skeletonize,Map5,34,"6.192430257797241
"
Skeletonize,Map5,35,"6.152535915374756
"
Skeletonize,Map5,36,"6.198412895202637
"
Skeletonize,Map5,37,"6.223346471786499
"
Skeletonize,Map5,38,"6.287197828292847
"
Skeletonize,Map5,39,"6.267229080200195
"
Skeletonize,Map5,40,"6.313127517700195
"
Skeletonize,Map5,41,"6.198392391204834
"
Skeletonize,Map5,42,"6.2412989139556885
"
Skeletonize,Map5,43,"6.193455696105957
"
Skeletonize,Map5,44,"6.171457290649414
"
Skeletonize,Map5,45,"6.201405763626099
"
Skeletonize,Map5,46,"6.154552698135376
"
Skeletonize,Map5,47,"6.1714842319488525
"
Skeletonize,Map5,48,"6.3001415729522705
"
Skeletonize,Map5,49,"6.2871763706207275
"
Skeletonize,Map5,50,"6.2871973514556885
"
Skeletonize,Map5,51,"6.138554096221924
"
Skeletonize,Map5,52,"6.178494930267334
"
Skeletonize,Map5,53,"6.191430568695068
"
Skeletonize,Map5,54,"6.195423126220703
"
Skeletonize,Map5,55,"6.190455913543701
"
Skeletonize,Map5,56,"6.203379154205322
"
Skeletonize,Map5,57,"6.120645046234131
"
Skeletonize,Map5,58,"6.196398496627808
"
Skeletonize,Map5,59,"6.171485900878906
"
Skeletonize,Map5,60,"6.183454751968384
"
Skeletonize,Map5,61,"6.159517765045166
"
Skeletonize,Map5,62,"6.261244535446167
"
Skeletonize,Map5,63,"6.2841832637786865
"
Skeletonize,Map5,64,"6.247303009033203
"
Skeletonize,Map5,65,"6.264235734939575
"
Skeletonize,Map5,66,"6.1764936447143555
"
Skeletonize,Map5,67,"6.28717565536499
"
Skeletonize,Map5,68,"6.200407028198242
"
Skeletonize,Map5,69,"6.246285915374756
"
Skeletonize,Map5,70,"6.197415351867676
"
Skeletonize,Map5,71,"6.141565322875977
"
Skeletonize,Map5,72,"6.282189846038818
"
Skeletonize,Map5,73,"6.124610424041748
"
Skeletonize,Map5,74,"6.137598037719727
"
Skeletonize,Map5,75,"6.184430122375488
"
Skeletonize,Map5,76,"6.218360424041748
"
Skeletonize,Map5,77,"6.176473140716553
"
Skeletonize,Map5,78,"6.189435958862305
"
Skeletonize,Map5,79,"6.120622158050537
"
Skeletonize,Map5,80,"6.265235185623169
"
Skeletonize,Map5,81,"6.230328559875488
"
Skeletonize,Map5,82,"6.286179065704346
"
Skeletonize,Map5,83,"6.149545192718506
"
Skeletonize,Map5,84,"6.194453001022339
"
Skeletonize,Map5,85,"6.291165351867676
"
Skeletonize,Map5,86,"6.119624614715576
"
Skeletonize,Map5,87,"6.142561912536621
"
Skeletonize,Map5,88,"6.193453311920166
"
Skeletonize,Map5,89,"6.179437875747681
"
Skeletonize,Map5,90,"6.224343538284302
"
Skeletonize,Map5,91,"6.1814799308776855
"
Skeletonize,Map5,92,"6.204377174377441
"
Skeletonize,Map5,93,"6.143561601638794
"
Skeletonize,Map5,94,"6.143558979034424
"
Skeletonize,Map5,95,"6.265233516693115
"
Skeletonize,Map5,96,"6.285181760787964
"
Skeletonize,Map5,97,"6.16251015663147
"
Skeletonize,Map5,98,"6.180461645126343
"
Skeletonize,Map5,99,"6.158520460128784
"
Skeletonize,Map5,100,6.178466320037842
Skeletonize,Map6,1,"7.156849145889282
"
Skeletonize,Map6,2,"7.1498942375183105
"
Skeletonize,Map6,3,"7.225663661956787
"
Skeletonize,Map6,4,"7.09401798248291
"
Skeletonize,Map6,5,"7.118950366973877
"
Skeletonize,Map6,6,"7.213716983795166
"
Skeletonize,Map6,7,"7.110970973968506
"
Skeletonize,Map6,8,"7.0421552658081055
"
Skeletonize,Map6,9,"7.1119701862335205
"
Skeletonize,Map6,10,"7.15285849571228
"
Skeletonize,Map6,11,"7.041160345077515
"
Skeletonize,Map6,12,"7.120945692062378
"
Skeletonize,Map6,13,"7.1049864292144775
"
Skeletonize,Map6,14,"7.2037248611450195
"
Skeletonize,Map6,15,"7.039163827896118
"
Skeletonize,Map6,16,"7.103990316390991
"
Skeletonize,Map6,17,"7.1718292236328125
"
Skeletonize,Map6,18,"7.144881010055542
"
Skeletonize,Map6,19,"7.083045482635498
"
Skeletonize,Map6,20,"7.072075366973877
"
Skeletonize,Map6,21,"7.084043502807617
"
Skeletonize,Map6,22,"7.189761161804199
"
Skeletonize,Map6,23,"7.133929967880249
"
Skeletonize,Map6,24,"7.062084436416626
"
Skeletonize,Map6,25,"7.062123775482178
"
Skeletonize,Map6,26,"7.110944986343384
"
Skeletonize,Map6,27,"7.059109926223755
"
Skeletonize,Map6,28,"7.140892267227173
"
Skeletonize,Map6,29,"7.090743064880371
"
Skeletonize,Map6,30,"7.132933616638184
"
Skeletonize,Map6,31,"7.13189435005188
"
Skeletonize,Map6,32,"7.092023849487305
"
Skeletonize,Map6,33,"7.062101125717163
"
Skeletonize,Map6,34,"7.056119441986084
"
Skeletonize,Map6,35,"7.15584921836853
"
Skeletonize,Map6,36,"7.103988885879517
"
Skeletonize,Map6,37,"7.099003553390503
"
Skeletonize,Map6,38,"7.176797151565552
"
Skeletonize,Map6,39,"7.167819023132324
"
Skeletonize,Map6,40,"7.337366342544556
"
Skeletonize,Map6,41,"7.124934196472168
"
Skeletonize,Map6,42,"7.122960567474365
"
Skeletonize,Map6,43,"7.0870161056518555
"
Skeletonize,Map6,44,"7.124934673309326
"
Skeletonize,Map6,45,"7.1408915519714355
"
Skeletonize,Map6,46,"7.119946241378784
"
Skeletonize,Map6,47,"7.043153762817383
"
Skeletonize,Map6,48,"7.230672836303711
"
Skeletonize,Map6,49,"7.190766334533691
"
Skeletonize,Map6,50,"7.174772024154663
"
Skeletonize,Map6,51,"7.156849145889282
"
Skeletonize,Map6,52,"7.1877663135528564
"
Skeletonize,Map6,53,"7.098006725311279
"
Skeletonize,Map6,54,"7.103990316390991
"
Skeletonize,Map6,55,"7.017222881317139
"
Skeletonize,Map6,56,"7.207733869552612
"
Skeletonize,Map6,57,"7.145857095718384
"
Skeletonize,Map6,58,"7.10099983215332
"
Skeletonize,Map6,59,"7.025200366973877
"
Skeletonize,Map6,60,"7.2984702587127686
"
Skeletonize,Map6,61,"7.2416465282440186
"
Skeletonize,Map6,62,"7.102991104125977
"
Skeletonize,Map6,63,"7.087035894393921
"
Skeletonize,Map6,64,"7.0850629806518555
"
Skeletonize,Map6,65,"7.06806492805481
"
Skeletonize,Map6,66,"7.076064348220825
"
Skeletonize,Map6,67,"7.2236692905426025
"
Skeletonize,Map6,68,"7.116955280303955
"
Skeletonize,Map6,69,"7.137920618057251
"
Skeletonize,Map6,70,"7.11095118522644
"
Skeletonize,Map6,71,"7.105975151062012
"
Skeletonize,Map6,72,"7.104986190795898
"
Skeletonize,Map6,73,"7.117953300476074
"
Skeletonize,Map6,74,"7.045146465301514
"
Skeletonize,Map6,75,"7.0431530475616455
"
Skeletonize,Map6,76,"7.139894723892212
"
Skeletonize,Map6,77,"7.096039056777954
"
Skeletonize,Map6,78,"7.128923416137695
"
Skeletonize,Map6,79,"7.091026306152344
"
Skeletonize,Map6,80,"7.10700249671936
"
Skeletonize,Map6,81,"7.0471415519714355
"
Skeletonize,Map6,82,"7.080053329467773
"
Skeletonize,Map6,83,"7.162832736968994
"
Skeletonize,Map6,84,"7.106982231140137
"
Skeletonize,Map6,85,"7.113962411880493
"
Skeletonize,Map6,86,"7.214693546295166
"
Skeletonize,Map6,87,"7.048139333724976
"
Skeletonize,Map6,88,"7.196741342544556
"
Skeletonize,Map6,89,"7.16484808921814
"
Skeletonize,Map6,90,"7.168815612792969
"
Skeletonize,Map6,91,"7.112962484359741
"
Skeletonize,Map6,92,"7.096012592315674
"
Skeletonize,Map6,93,"7.064097166061401
"
Skeletonize,Map6,94,"7.127945899963379
"
Skeletonize,Map6,95,"7.040159702301025
"
Skeletonize,Map6,96,"7.18377685546875
"
Skeletonize,Map6,97,"7.084045171737671
"
Skeletonize,Map6,98,"7.097029209136963
"
Skeletonize,Map6,99,"7.154834508895874
"
Skeletonize,Map6,100,7.142885446548462
Skeletonize,Map7,1,"8.658828973770142
"
Skeletonize,Map7,2,"8.750584602355957
"
Skeletonize,Map7,3,"8.731635093688965
"
Skeletonize,Map7,4,"8.717672348022461
"
Skeletonize,Map7,5,"8.77651596069336
"
Skeletonize,Map7,6,"8.791476249694824
"
Skeletonize,Map7,7,"8.766563415527344
"
Skeletonize,Map7,8,"8.775517702102661
"
Skeletonize,Map7,9,"8.745619058609009
"
Skeletonize,Map7,10,"8.74757170677185
"
Skeletonize,Map7,11,"8.778507947921753
"
Skeletonize,Map7,12,"8.729639768600464
"
Skeletonize,Map7,13,"8.833362817764282
"
Skeletonize,Map7,14,"8.755592584609985
"
Skeletonize,Map7,15,"8.87228512763977
"
Skeletonize,Map7,16,"8.793469190597534
"
Skeletonize,Map7,17,"8.738615274429321
"
Skeletonize,Map7,18,"8.783517599105835
"
Skeletonize,Map7,19,"8.887197732925415
"
Skeletonize,Map7,20,"8.746593713760376
"
Skeletonize,Map7,21,"8.69473385810852
"
Skeletonize,Map7,22,"8.780505657196045
"
Skeletonize,Map7,23,"8.701735258102417
"
Skeletonize,Map7,24,"8.657832622528076
"
Skeletonize,Map7,25,"8.78148102760315
"
Skeletonize,Map7,26,"8.834359645843506
"
Skeletonize,Map7,27,"8.776511907577515
"
Skeletonize,Map7,28,"8.72964072227478
"
Skeletonize,Map7,29,"8.533170700073242
"
Skeletonize,Map7,30,"8.72468090057373
"
Skeletonize,Map7,31,"8.64585828781128
"
Skeletonize,Map7,32,"8.725651264190674
"
Skeletonize,Map7,33,"8.606969118118286
"
Skeletonize,Map7,34,"8.642892599105835
"
Skeletonize,Map7,35,"8.621928930282593
"
Skeletonize,Map7,36,"8.663837671279907
"
Skeletonize,Map7,37,"8.657811880111694
"
Skeletonize,Map7,38,"8.62395191192627
"
Skeletonize,Map7,39,"8.602999448776245
"
Skeletonize,Map7,40,"8.687758922576904
"
Skeletonize,Map7,41,"8.771522045135498
"
Skeletonize,Map7,42,"8.679752588272095
"
Skeletonize,Map7,43,"8.924141883850098
"
Skeletonize,Map7,44,"8.721640586853027
"
Skeletonize,Map7,45,"8.61310362815857
"
Skeletonize,Map7,46,"8.6019926071167
"
Skeletonize,Map7,47,"8.654860258102417
"
Skeletonize,Map7,48,"8.638890266418457
"
Skeletonize,Map7,49,"8.59402346611023
"
Skeletonize,Map7,50,"8.689727306365967
"
Skeletonize,Map7,51,"8.734647989273071
"
Skeletonize,Map7,52,"8.926135778427124
"
Skeletonize,Map7,53,"8.638883590698242
"
Skeletonize,Map7,54,"8.626941919326782
"
Skeletonize,Map7,55,"8.666829586029053
"
Skeletonize,Map7,56,"8.673811674118042
"
Skeletonize,Map7,57,"8.66283893585205
"
Skeletonize,Map7,58,"8.621957540512085
"
Skeletonize,Map7,59,"8.701830625534058
"
Skeletonize,Map7,60,"8.678803443908691
"
Skeletonize,Map7,61,"8.632992267608643
"
Skeletonize,Map7,62,"8.621023178100586
"
Skeletonize,Map7,63,"8.646986484527588
"
Skeletonize,Map7,64,"8.627043724060059
"
Skeletonize,Map7,65,"8.752698421478271
"
Skeletonize,Map7,66,"8.637877941131592
"
Skeletonize,Map7,67,"8.644894123077393
"
Skeletonize,Map7,68,"8.760559558868408
"
Skeletonize,Map7,69,"8.56208872795105
"
Skeletonize,Map7,70,"8.600983142852783
"
Skeletonize,Map7,71,"8.796555757522583
"
Skeletonize,Map7,72,"8.655922412872314
"
Skeletonize,Map7,73,"8.588038921356201
"
Skeletonize,Map7,74,"8.727625370025635
"
Skeletonize,Map7,75,"8.648997783660889
"
Skeletonize,Map7,76,"8.721782207489014
"
Skeletonize,Map7,77,"8.604061841964722
"
Skeletonize,Map7,78,"8.761582374572754
"
Skeletonize,Map7,79,"8.741601467132568
"
Skeletonize,Map7,80,"8.648863792419434
"
Skeletonize,Map7,81,"8.558120250701904
"
Skeletonize,Map7,82,"8.645009517669678
"
Skeletonize,Map7,83,"8.68985104560852
"
Skeletonize,Map7,84,"8.82752013206482
"
Skeletonize,Map7,85,"8.692739248275757
"
Skeletonize,Map7,86,"8.724653959274292
"
Skeletonize,Map7,87,"8.718669652938843
"
Skeletonize,Map7,88,"8.737639665603638
"
Skeletonize,Map7,89,"8.67480731010437
"
Skeletonize,Map7,90,"8.877335786819458
"
Skeletonize,Map7,91,"8.750611066818237
"
Skeletonize,Map7,92,"8.717672109603882
"
Skeletonize,Map7,93,"8.72467041015625
"
Skeletonize,Map7,94,"8.718663215637207
"
Skeletonize,Map7,95,"8.642893552780151
"
Skeletonize,Map7,96,"8.707721948623657
"
Skeletonize,Map7,97,"8.55314040184021
"
Skeletonize,Map7,98,"8.748611688613892
"
Skeletonize,Map7,99,"8.616962432861328
"
Skeletonize,Map7,100,8.779533386230469
Skeletonize,Map8,1,"9.365957736968994
"
Skeletonize,Map8,2,"9.332048892974854
"
Skeletonize,Map8,3,"9.36095142364502
"
Skeletonize,Map8,4,"9.41779899597168
"
Skeletonize,Map8,5,"9.407945156097412
"
Skeletonize,Map8,6,"9.341973066329956
"
Skeletonize,Map8,7,"9.24429202079773
"
Skeletonize,Map8,8,"9.354966402053833
"
Skeletonize,Map8,9,"9.246281623840332
"
Skeletonize,Map8,10,"9.368959665298462
"
Skeletonize,Map8,11,"9.357953071594238
"
Skeletonize,Map8,12,"9.320080280303955
"
Skeletonize,Map8,13,"9.302129030227661
"
Skeletonize,Map8,14,"9.264209985733032
"
Skeletonize,Map8,15,"9.367940425872803
"
Skeletonize,Map8,16,"9.37987232208252
"
Skeletonize,Map8,17,"9.230321884155273
"
Skeletonize,Map8,18,"9.280167818069458
"
Skeletonize,Map8,19,"9.378930807113647
"
Skeletonize,Map8,20,"9.283180236816406
"
Skeletonize,Map8,21,"9.415810823440552
"
Skeletonize,Map8,22,"9.27919054031372
"
Skeletonize,Map8,23,"9.287127017974854
"
Skeletonize,Map8,24,"9.42579960823059
"
Skeletonize,Map8,25,"9.321154832839966
"
Skeletonize,Map8,26,"9.457665205001831
"
Skeletonize,Map8,27,"9.429789781570435
"
Skeletonize,Map8,28,"9.305100679397583
"
Skeletonize,Map8,29,"9.401840925216675
"
Skeletonize,Map8,30,"9.318072319030762
"
Skeletonize,Map8,31,"9.315067529678345
"
Skeletonize,Map8,32,"9.478643655776978
"
Skeletonize,Map8,33,"9.38788104057312
"
Skeletonize,Map8,34,"9.387898683547974
"
Skeletonize,Map8,35,"9.382892847061157
"
Skeletonize,Map8,36,"9.307122945785522
"
Skeletonize,Map8,37,"9.24822449684143
"
Skeletonize,Map8,38,"9.309109210968018
"
Skeletonize,Map8,39,"9.341004610061646
"
Skeletonize,Map8,40,"9.228306293487549
"
Skeletonize,Map8,41,"9.277195692062378
"
Skeletonize,Map8,42,"9.4905846118927
"
Skeletonize,Map8,43,"9.26622486114502
"
Skeletonize,Map8,44,"9.2223060131073
"
Skeletonize,Map8,45,"9.279197931289673
"
Skeletonize,Map8,46,"9.311175346374512
"
Skeletonize,Map8,47,"9.267174005508423
"
Skeletonize,Map8,48,"9.377932071685791
"
Skeletonize,Map8,49,"9.354990720748901
"
Skeletonize,Map8,50,"9.312081336975098
"
Skeletonize,Map8,51,"9.255261182785034
"
Skeletonize,Map8,52,"9.230327129364014
"
Skeletonize,Map8,53,"9.306089639663696
"
Skeletonize,Map8,54,"9.38289213180542
"
Skeletonize,Map8,55,"9.290141820907593
"
Skeletonize,Map8,56,"9.25660252571106
"
Skeletonize,Map8,57,"9.322075128555298
"
Skeletonize,Map8,58,"9.30211615562439
"
Skeletonize,Map8,59,"9.256224155426025
"
Skeletonize,Map8,60,"9.254243850708008
"
Skeletonize,Map8,61,"9.34000039100647
"
Skeletonize,Map8,62,"9.329015016555786
"
Skeletonize,Map8,63,"9.409830808639526
"
Skeletonize,Map8,64,"9.339030981063843
"
Skeletonize,Map8,65,"9.446701526641846
"
Skeletonize,Map8,66,"9.345019817352295
"
Skeletonize,Map8,67,"9.220327854156494
"
Skeletonize,Map8,68,"9.348983764648438
"
Skeletonize,Map8,69,"9.291156530380249
"
Skeletonize,Map8,70,"9.228325128555298
"
Skeletonize,Map8,71,"9.31607174873352
"
Skeletonize,Map8,72,"9.23927092552185
"
Skeletonize,Map8,73,"9.32206106185913
"
Skeletonize,Map8,74,"9.28215479850769
"
Skeletonize,Map8,75,"9.197388410568237
"
Skeletonize,Map8,76,"9.288165092468262
"
Skeletonize,Map8,77,"9.284156799316406
"
Skeletonize,Map8,78,"9.32607102394104
"
Skeletonize,Map8,79,"9.226304292678833
"
Skeletonize,Map8,80,"9.257228374481201
"
Skeletonize,Map8,81,"9.332035779953003
"
Skeletonize,Map8,82,"9.242262363433838
"
Skeletonize,Map8,83,"9.292157649993896
"
Skeletonize,Map8,84,"9.213325023651123
"
Skeletonize,Map8,85,"9.350006818771362
"
Skeletonize,Map8,86,"9.212376832962036
"
Skeletonize,Map8,87,"9.33900260925293
"
Skeletonize,Map8,88,"9.344024419784546
"
Skeletonize,Map8,89,"9.378895998001099
"
Skeletonize,Map8,90,"9.386882066726685
"
Skeletonize,Map8,91,"9.311105966567993
"
Skeletonize,Map8,92,"9.226311683654785
"
Skeletonize,Map8,93,"9.29612421989441
"
Skeletonize,Map8,94,"9.28218126296997
"
Skeletonize,Map8,95,"9.33302640914917
"
Skeletonize,Map8,96,"9.367936611175537
"
Skeletonize,Map8,97,"9.346984624862671
"
Skeletonize,Map8,98,"9.319091320037842
"
Skeletonize,Map8,99,"9.37390947341919
"
Skeletonize,Map8,100,9.267180919647217
PRM,Map1,1,"0.36302757263183594
"
PRM,Map1,2,"0.36602187156677246
"
PRM,Map1,3,"0.36701011657714844
"
PRM,Map1,4,"0.39394497871398926
"
PRM,Map1,5,"0.40491461753845215
"
PRM,Map1,6,"0.36536073684692383
"
PRM,Map1,7,"0.37302303314208984
"
PRM,Map1,8,"0.3780083656311035
"
PRM,Map1,9,"0.37198495864868164
"
PRM,Map1,10,"0.37898707389831543
"
PRM,Map1,11,"0.37003064155578613
"
PRM,Map1,12,"0.38496994972229004
"
PRM,Map1,13,"0.3800048828125
"
PRM,Map1,14,"0.42588043212890625
"
PRM,Map1,15,"0.3869636058807373
"
PRM,Map1,16,"0.36202502250671387
"
PRM,Map1,17,"0.3879404067993164
"
PRM,Map1,18,"0.37102580070495605
"
PRM,Map1,19,"0.38296937942504883
"
PRM,Map1,20,"0.3989248275756836
"
PRM,Map1,21,"0.40790891647338867
"
PRM,Map1,22,"0.3730013370513916
"
PRM,Map1,23,"0.4218709468841553
"
PRM,Map1,24,"0.3690054416656494
"
PRM,Map1,25,"0.3650233745574951
"
PRM,Map1,26,"0.37397313117980957
"
PRM,Map1,27,"0.3800008296966553
"
PRM,Map1,28,"0.4089219570159912
"
PRM,Map1,29,"0.36504244804382324
"
PRM,Map1,30,"0.3670368194580078
"
PRM,Map1,31,"0.36704444885253906
"
PRM,Map1,32,"0.3719916343688965
"
PRM,Map1,33,"0.35901808738708496
"
PRM,Map1,34,"0.3660414218902588
"
PRM,Map1,35,"0.3680148124694824
"
PRM,Map1,36,"0.38396453857421875
"
PRM,Map1,37,"0.405914306640625
"
PRM,Map1,38,"0.3730015754699707
"
PRM,Map1,39,"0.35804224014282227
"
PRM,Map1,40,"0.37998414039611816
"
PRM,Map1,41,"0.36559462547302246
"
PRM,Map1,42,"0.36601781845092773
"
PRM,Map1,43,"0.38599610328674316
"
PRM,Map1,44,"0.39292049407958984
"
PRM,Map1,45,"0.3590669631958008
"
PRM,Map1,46,"0.3690049648284912
"
PRM,Map1,47,"0.38494229316711426
"
PRM,Map1,48,"0.365023136138916
"
PRM,Map1,49,"0.36901378631591797
"
PRM,Map1,50,"0.36400675773620605
"
PRM,Map1,51,"0.37998318672180176
"
PRM,Map1,52,"0.36901116371154785
"
PRM,Map1,53,"0.40394067764282227
"
PRM,Map1,54,"0.3919708728790283
"
PRM,Map1,55,"0.3750169277191162
"
PRM,Map1,56,"0.3789854049682617
"
PRM,Map1,57,"0.40691137313842773
"
PRM,Map1,58,"0.37601351737976074
"
PRM,Map1,59,"0.38197994232177734
"
PRM,Map1,60,"0.379910945892334
"
PRM,Map1,61,"0.3719980716705322
"
PRM,Map1,62,"0.42984867095947266
"
PRM,Map1,63,"0.36504220962524414
"
PRM,Map1,64,"0.3730008602142334
"
PRM,Map1,65,"0.3690156936645508
"
PRM,Map1,66,"0.3610258102416992
"
PRM,Map1,67,"0.3650217056274414
"
PRM,Map1,68,"0.3899495601654053
"
PRM,Map1,69,"0.3989269733428955
"
PRM,Map1,70,"0.36501598358154297
"
PRM,Map1,71,"0.3640258312225342
"
PRM,Map1,72,"0.3630545139312744
"
PRM,Map1,73,"0.380948543548584
"
PRM,Map1,74,"0.37995409965515137
"
PRM,Map1,75,"0.36602783203125
"
PRM,Map1,76,"0.38401365280151367
"
PRM,Map1,77,"0.38992881774902344
"
PRM,Map1,78,"0.375964879989624
"
PRM,Map1,79,"0.3750159740447998
"
PRM,Map1,80,"0.3720252513885498
"
PRM,Map1,81,"0.43982458114624023
"
PRM,Map1,82,"0.3700108528137207
"
PRM,Map1,83,"0.3730013370513916
"
PRM,Map1,84,"0.39197254180908203
"
PRM,Map1,85,"0.3749964237213135
"
PRM,Map1,86,"0.3909578323364258
"
PRM,Map1,87,"0.3811502456665039
"
PRM,Map1,88,"0.381009578704834
"
PRM,Map1,89,"0.3719756603240967
"
PRM,Map1,90,"0.3740208148956299
"
PRM,Map1,91,"0.3779878616333008
"
PRM,Map1,92,"0.39594030380249023
"
PRM,Map1,93,"0.39893269538879395
"
PRM,Map1,94,"0.36305689811706543
"
PRM,Map1,95,"0.3650498390197754
"
PRM,Map1,96,"0.4139127731323242
"
PRM,Map1,97,"0.3719770908355713
"
PRM,Map1,98,"0.3779873847961426
"
PRM,Map1,99,"0.37498950958251953
"
PRM,Map1,100,0.3750495910644531
PRM,Map2,1,"0.7420425415039062
"
PRM,Map2,2,"0.739990234375
"
PRM,Map2,3,"0.7639350891113281
"
PRM,Map2,4,"0.7325766086578369
"
PRM,Map2,5,"0.7579705715179443
"
PRM,Map2,6,"0.7480168342590332
"
PRM,Map2,7,"0.7460026741027832
"
PRM,Map2,8,"0.749016284942627
"
PRM,Map2,9,"0.7420210838317871
"
PRM,Map2,10,"0.7558937072753906
"
PRM,Map2,11,"0.7250721454620361
"
PRM,Map2,12,"0.7390427589416504
"
PRM,Map2,13,"0.7320461273193359
"
PRM,Map2,14,"0.7629587650299072
"
PRM,Map2,15,"0.745032787322998
"
PRM,Map2,16,"0.7529873847961426
"
PRM,Map2,17,"0.7400474548339844
"
PRM,Map2,18,"0.7370274066925049
"
PRM,Map2,19,"0.7450263500213623
"
PRM,Map2,20,"0.7390496730804443
"
PRM,Map2,21,"0.7679455280303955
"
PRM,Map2,22,"0.7905468940734863
"
PRM,Map2,23,"0.7460026741027832
"
PRM,Map2,24,"0.7459838390350342
"
PRM,Map2,25,"0.7390217781066895
"
PRM,Map2,26,"0.7350573539733887
"
PRM,Map2,27,"0.7499723434448242
"
PRM,Map2,28,"0.7549707889556885
"
PRM,Map2,29,"0.7240622043609619
"
PRM,Map2,30,"0.7759246826171875
"
PRM,Map2,31,"0.7320330142974854
"
PRM,Map2,32,"0.7559559345245361
"
PRM,Map2,33,"0.751239538192749
"
PRM,Map2,34,"0.7410159111022949
"
PRM,Map2,35,"0.7390296459197998
"
PRM,Map2,36,"0.7509903907775879
"
PRM,Map2,37,"0.7630794048309326
"
PRM,Map2,38,"0.7509980201721191
"
PRM,Map2,39,"0.7420339584350586
"
PRM,Map2,40,"0.7300527095794678
"
PRM,Map2,41,"0.7270472049713135
"
PRM,Map2,42,"0.7320408821105957
"
PRM,Map2,43,"0.7390155792236328
"
PRM,Map2,44,"0.7479774951934814
"
PRM,Map2,45,"0.7489862442016602
"
PRM,Map2,46,"0.7530136108398438
"
PRM,Map2,47,"0.7669553756713867
"
PRM,Map2,48,"0.7799313068389893
"
PRM,Map2,49,"0.7629649639129639
"
PRM,Map2,50,"0.7440354824066162
"
PRM,Map2,51,"0.7400412559509277
"
PRM,Map2,52,"0.7449748516082764
"
PRM,Map2,53,"0.7330656051635742
"
PRM,Map2,54,"0.7639343738555908
"
PRM,Map2,55,"0.8198263645172119
"
PRM,Map2,56,"0.7568912506103516
"
PRM,Map2,57,"0.733057975769043
"
PRM,Map2,58,"0.7290685176849365
"
PRM,Map2,59,"0.7639281749725342
"
PRM,Map2,60,"0.7370338439941406
"
PRM,Map2,61,"0.737027645111084
"
PRM,Map2,62,"0.7410178184509277
"
PRM,Map2,63,"0.733039140701294
"
PRM,Map2,64,"0.7320611476898193
"
PRM,Map2,65,"0.7410070896148682
"
PRM,Map2,66,"0.7899124622344971
"
PRM,Map2,67,"0.7370259761810303
"
PRM,Map2,68,"0.7539823055267334
"
PRM,Map2,69,"0.7400267124176025
"
PRM,Map2,70,"0.7400200366973877
"
PRM,Map2,71,"0.7739279270172119
"
PRM,Map2,72,"0.747992992401123
"
PRM,Map2,73,"0.7460243701934814
"
PRM,Map2,74,"0.7440228462219238
"
PRM,Map2,75,"0.7609355449676514
"
PRM,Map2,76,"0.7400400638580322
"
PRM,Map2,77,"0.7470278739929199
"
PRM,Map2,78,"0.7769272327423096
"
PRM,Map2,79,"0.733039379119873
"
PRM,Map2,80,"0.7429907321929932
"
PRM,Map2,81,"0.7659776210784912
"
PRM,Map2,82,"0.7719326019287109
"
PRM,Map2,83,"0.7400455474853516
"
PRM,Map2,84,"0.7420215606689453
"
PRM,Map2,85,"0.7270462512969971
"
PRM,Map2,86,"0.7795848846435547
"
PRM,Map2,87,"0.7550008296966553
"
PRM,Map2,88,"0.740013599395752
"
PRM,Map2,89,"0.7290751934051514
"
PRM,Map2,90,"0.7370274066925049
"
PRM,Map2,91,"0.7569663524627686
"
PRM,Map2,92,"0.7729239463806152
"
PRM,Map2,93,"0.7759239673614502
"
PRM,Map2,94,"0.7579920291900635
"
PRM,Map2,95,"0.7479922771453857
"
PRM,Map2,96,"0.7370355129241943
"
PRM,Map2,97,"0.7569947242736816
"
PRM,Map2,98,"0.7420065402984619
"
PRM,Map2,99,"0.74503493309021
"
PRM,Map2,100,0.743995189666748
PRM,Map3,1,"0.7529795169830322
"
PRM,Map3,2,"0.8068625926971436
"
PRM,Map3,3,"0.7480201721191406
"
PRM,Map3,4,"0.7729306221008301
"
PRM,Map3,5,"0.7559974193572998
"
PRM,Map3,6,"0.7918810844421387
"
PRM,Map3,7,"0.7908773422241211
"
PRM,Map3,8,"0.7599735260009766
"
PRM,Map3,9,"0.7529854774475098
"
PRM,Map3,10,"0.7643845081329346
"
PRM,Map3,11,"0.8158469200134277
"
PRM,Map3,12,"0.7520081996917725
"
PRM,Map3,13,"0.7609636783599854
"
PRM,Map3,14,"0.7520098686218262
"
PRM,Map3,15,"0.7868866920471191
"
PRM,Map3,16,"0.753056526184082
"
PRM,Map3,17,"0.7669477462768555
"
PRM,Map3,18,"0.7390236854553223
"
PRM,Map3,19,"0.7470076084136963
"
PRM,Map3,20,"0.7569940090179443
"
PRM,Map3,21,"0.8337485790252686
"
PRM,Map3,22,"0.755969762802124
"
PRM,Map3,23,"0.7599952220916748
"
PRM,Map3,24,"0.7400491237640381
"
PRM,Map3,25,"0.7519881725311279
"
PRM,Map3,26,"0.7460107803344727
"
PRM,Map3,27,"0.7839031219482422
"
PRM,Map3,28,"0.7539739608764648
"
PRM,Map3,29,"0.7589633464813232
"
PRM,Map3,30,"0.7739484310150146
"
PRM,Map3,31,"0.7539947032928467
"
PRM,Map3,32,"0.7599871158599854
"
PRM,Map3,33,"0.8297584056854248
"
PRM,Map3,34,"0.7609705924987793
"
PRM,Map3,35,"0.7869150638580322
"
PRM,Map3,36,"0.750990629196167
"
PRM,Map3,37,"0.7619616985321045
"
PRM,Map3,38,"0.7439818382263184
"
PRM,Map3,39,"0.7469789981842041
"
PRM,Map3,40,"0.7489683628082275
"
PRM,Map3,41,"0.9245254993438721
"
PRM,Map3,42,"0.7499938011169434
"
PRM,Map3,43,"0.7507867813110352
"
PRM,Map3,44,"0.7629883289337158
"
PRM,Map3,45,"0.7679641246795654
"
PRM,Map3,46,"0.7549731731414795
"
PRM,Map3,47,"0.756967306137085
"
PRM,Map3,48,"0.7699470520019531
"
PRM,Map3,49,"0.7499790191650391
"
PRM,Map3,50,"0.7599878311157227
"
PRM,Map3,51,"0.7739276885986328
"
PRM,Map3,52,"0.7510006427764893
"
PRM,Map3,53,"0.7470276355743408
"
PRM,Map3,54,"0.7725763320922852
"
PRM,Map3,55,"0.764960765838623
"
PRM,Map3,56,"0.7579927444458008
"
PRM,Map3,57,"0.8138220310211182
"
PRM,Map3,58,"0.7609717845916748
"
PRM,Map3,59,"0.8010623455047607
"
PRM,Map3,60,"0.7669494152069092
"
PRM,Map3,61,"0.756981611251831
"
PRM,Map3,62,"0.7869138717651367
"
PRM,Map3,63,"0.7709565162658691
"
PRM,Map3,64,"0.756974458694458
"
PRM,Map3,65,"0.7609729766845703
"
PRM,Map3,66,"0.7540016174316406
"
PRM,Map3,67,"0.7559773921966553
"
PRM,Map3,68,"0.7470014095306396
"
PRM,Map3,69,"0.7799124717712402
"
PRM,Map3,70,"0.7739503383636475
"
PRM,Map3,71,"0.7469954490661621
"
PRM,Map3,72,"0.771935224533081
"
PRM,Map3,73,"0.780890703201294
"
PRM,Map3,74,"0.7649457454681396
"
PRM,Map3,75,"0.7579994201660156
"
PRM,Map3,76,"0.757972002029419
"
PRM,Map3,77,"0.7489950656890869
"
PRM,Map3,78,"0.7519795894622803
"
PRM,Map3,79,"0.774954080581665
"
PRM,Map3,80,"0.7420351505279541
"
PRM,Map3,81,"0.7549796104431152
"
PRM,Map3,82,"0.7849023342132568
"
PRM,Map3,83,"0.7789087295532227
"
PRM,Map3,84,"0.7689290046691895
"
PRM,Map3,85,"0.7699391841888428
"
PRM,Map3,86,"0.7430379390716553
"
PRM,Map3,87,"0.7759473323822021
"
PRM,Map3,88,"0.7699403762817383
"
PRM,Map3,89,"0.767509937286377
"
PRM,Map3,90,"0.768923282623291
"
PRM,Map3,91,"0.7659611701965332
"
PRM,Map3,92,"0.8517227172851562
"
PRM,Map3,93,"0.7948932647705078
"
PRM,Map3,94,"0.7719345092773438
"
PRM,Map3,95,"0.7918596267700195
"
PRM,Map3,96,"0.7589621543884277
"
PRM,Map3,97,"0.7500002384185791
"
PRM,Map3,98,"0.7719414234161377
"
PRM,Map3,99,"0.76397705078125
"
PRM,Map3,100,0.7749474048614502
PRM,Map4,1,"0.753960371017456
"
PRM,Map4,2,"0.7529847621917725
"
PRM,Map4,3,"0.7579700946807861
"
PRM,Map4,4,"0.7589607238769531
"
PRM,Map4,5,"0.8148200511932373
"
PRM,Map4,6,"0.784907341003418
"
PRM,Map4,7,"0.8177900314331055
"
PRM,Map4,8,"0.7769179344177246
"
PRM,Map4,9,"0.7609574794769287
"
PRM,Map4,10,"0.7869143486022949
"
PRM,Map4,11,"0.8178019523620605
"
PRM,Map4,12,"0.8317742347717285
"
PRM,Map4,13,"0.7599942684173584
"
PRM,Map4,14,"0.7829041481018066
"
PRM,Map4,15,"0.8367621898651123
"
PRM,Map4,16,"0.7649509906768799
"
PRM,Map4,17,"0.7659499645233154
"
PRM,Map4,18,"0.7629928588867188
"
PRM,Map4,19,"0.7729592323303223
"
PRM,Map4,20,"0.7771224975585938
"
PRM,Map4,21,"0.7998607158660889
"
PRM,Map4,22,"0.7858777046203613
"
PRM,Map4,23,"0.7709565162658691
"
PRM,Map4,24,"0.8118255138397217
"
PRM,Map4,25,"0.7659509181976318
"
PRM,Map4,26,"0.7699329853057861
"
PRM,Map4,27,"0.7510135173797607
"
PRM,Map4,28,"0.7789144515991211
"
PRM,Map4,29,"0.7749464511871338
"
PRM,Map4,30,"0.7689499855041504
"
PRM,Map4,31,"0.7978951930999756
"
PRM,Map4,32,"0.7968947887420654
"
PRM,Map4,33,"0.7855494022369385
"
PRM,Map4,34,"0.7709333896636963
"
PRM,Map4,35,"0.7659294605255127
"
PRM,Map4,36,"0.7809176445007324
"
PRM,Map4,37,"0.7589616775512695
"
PRM,Map4,38,"0.7709219455718994
"
PRM,Map4,39,"0.7629580497741699
"
PRM,Map4,40,"0.8008790016174316
"
PRM,Map4,41,"0.7570040225982666
"
PRM,Map4,42,"0.7789418697357178
"
PRM,Map4,43,"0.7709436416625977
"
PRM,Map4,44,"0.7539536952972412
"
PRM,Map4,45,"0.764970064163208
"
PRM,Map4,46,"0.7739293575286865
"
PRM,Map4,47,"0.7829344272613525
"
PRM,Map4,48,"0.7828967571258545
"
PRM,Map4,49,"0.7719326019287109
"
PRM,Map4,50,"0.7939047813415527
"
PRM,Map4,51,"0.8118472099304199
"
PRM,Map4,52,"0.7689211368560791
"
PRM,Map4,53,"0.7978575229644775
"
PRM,Map4,54,"0.8218045234680176
"
PRM,Map4,55,"0.7829034328460693
"
PRM,Map4,56,"0.7539591789245605
"
PRM,Map4,57,"0.7549638748168945
"
PRM,Map4,58,"0.7858688831329346
"
PRM,Map4,59,"0.7639553546905518
"
PRM,Map4,60,"0.7829246520996094
"
PRM,Map4,61,"0.7579684257507324
"
PRM,Map4,62,"0.776928186416626
"
PRM,Map4,63,"0.7529904842376709
"
PRM,Map4,64,"0.7599742412567139
"
PRM,Map4,65,"0.7739202976226807
"
PRM,Map4,66,"0.7789125442504883
"
PRM,Map4,67,"0.7689492702484131
"
PRM,Map4,68,"0.7719402313232422
"
PRM,Map4,69,"0.7749462127685547
"
PRM,Map4,70,"0.7789230346679688
"
PRM,Map4,71,"0.7838952541351318
"
PRM,Map4,72,"0.807858943939209
"
PRM,Map4,73,"0.8297789096832275
"
PRM,Map4,74,"0.7652945518493652
"
PRM,Map4,75,"0.7499189376831055
"
PRM,Map4,76,"0.7769200801849365
"
PRM,Map4,77,"0.7639257907867432
"
PRM,Map4,78,"0.7869021892547607
"
PRM,Map4,79,"0.7769136428833008
"
PRM,Map4,80,"0.7789163589477539
"
PRM,Map4,81,"0.783881425857544
"
PRM,Map4,82,"0.7609550952911377
"
PRM,Map4,83,"0.7629389762878418
"
PRM,Map4,84,"0.7629642486572266
"
PRM,Map4,85,"0.7649617195129395
"
PRM,Map4,86,"0.8287827968597412
"
PRM,Map4,87,"0.7689502239227295
"
PRM,Map4,88,"0.7809100151062012
"
PRM,Map4,89,"0.7858896255493164
"
PRM,Map4,90,"0.77095627784729
"
PRM,Map4,91,"0.7839298248291016
"
PRM,Map4,92,"0.7667667865753174
"
PRM,Map4,93,"0.7977950572967529
"
PRM,Map4,94,"0.7858974933624268
"
PRM,Map4,95,"0.7609624862670898
"
PRM,Map4,96,"0.8008637428283691
"
PRM,Map4,97,"0.7519805431365967
"
PRM,Map4,98,"0.8058655261993408
"
PRM,Map4,99,"0.7689497470855713
"
PRM,Map4,100,0.76894211769104
PRM,Map5,1,"0.7719621658325195
"
PRM,Map5,2,"0.8008546829223633
"
PRM,Map5,3,"0.7998390197753906
"
PRM,Map5,4,"0.8028593063354492
"
PRM,Map5,5,"0.8469197750091553
"
PRM,Map5,6,"0.7799127101898193
"
PRM,Map5,7,"0.7998876571655273
"
PRM,Map5,8,"0.8387517929077148
"
PRM,Map5,9,"0.8587079048156738
"
PRM,Map5,10,"0.8906176090240479
"
PRM,Map5,11,"0.8407807350158691
"
PRM,Map5,12,"0.8157963752746582
"
PRM,Map5,13,"0.83174729347229
"
PRM,Map5,14,"0.8367607593536377
"
PRM,Map5,15,"0.8387503623962402
"
PRM,Map5,16,"0.8217747211456299
"
PRM,Map5,17,"0.8227977752685547
"
PRM,Map5,18,"0.8786685466766357
"
PRM,Map5,19,"0.7888877391815186
"
PRM,Map5,20,"0.8297796249389648
"
PRM,Map5,21,"0.8746604919433594
"
PRM,Map5,22,"0.7978849411010742
"
PRM,Map5,23,"0.7809102535247803
"
PRM,Map5,24,"0.8008766174316406
"
PRM,Map5,25,"0.8359646797180176
"
PRM,Map5,26,"0.7829046249389648
"
PRM,Map5,27,"0.8302664756774902
"
PRM,Map5,28,"0.7958979606628418
"
PRM,Map5,29,"0.7878992557525635
"
PRM,Map5,30,"0.8247852325439453
"
PRM,Map5,31,"0.7888896465301514
"
PRM,Map5,32,"0.7988629341125488
"
PRM,Map5,33,"0.8064982891082764
"
PRM,Map5,34,"0.7968611717224121
"
PRM,Map5,35,"0.7948935031890869
"
PRM,Map5,36,"0.812816858291626
"
PRM,Map5,37,"0.801854133605957
"
PRM,Map5,38,"0.8178112506866455
"
PRM,Map5,39,"0.7978849411010742
"
PRM,Map5,40,"0.8197853565216064
"
PRM,Map5,41,"0.7898714542388916
"
PRM,Map5,42,"0.7868971824645996
"
PRM,Map5,43,"0.779911994934082
"
PRM,Map5,44,"0.8078601360321045
"
PRM,Map5,45,"0.7988698482513428
"
PRM,Map5,46,"0.7829313278198242
"
PRM,Map5,47,"0.8337612152099609
"
PRM,Map5,48,"0.8168220520019531
"
PRM,Map5,49,"0.7908565998077393
"
PRM,Map5,50,"0.7988560199737549
"
PRM,Map5,51,"0.8108301162719727
"
PRM,Map5,52,"0.8337898254394531
"
PRM,Map5,53,"0.776921272277832
"
PRM,Map5,54,"0.803870439529419
"
PRM,Map5,55,"0.8178045749664307
"
PRM,Map5,56,"0.7988426685333252
"
PRM,Map5,57,"0.8347442150115967
"
PRM,Map5,58,"0.8577067852020264
"
PRM,Map5,59,"0.8277544975280762
"
PRM,Map5,60,"0.8138506412506104
"
PRM,Map5,61,"0.7769134044647217
"
PRM,Map5,62,"0.8447089195251465
"
PRM,Map5,63,"0.8190884590148926
"
PRM,Map5,64,"0.8108310699462891
"
PRM,Map5,65,"0.8128046989440918
"
PRM,Map5,66,"0.8876252174377441
"
PRM,Map5,67,"0.8257932662963867
"
PRM,Map5,68,"0.8168144226074219
"
PRM,Map5,69,"0.7958767414093018
"
PRM,Map5,70,"0.8846538066864014
"
PRM,Map5,71,"0.8028600215911865
"
PRM,Map5,72,"0.7929060459136963
"
PRM,Map5,73,"0.7988893985748291
"
PRM,Map5,74,"0.8537158966064453
"
PRM,Map5,75,"0.8218131065368652
"
PRM,Map5,76,"0.9574644565582275
"
PRM,Map5,77,"0.8188290596008301
"
PRM,Map5,78,"0.8198330402374268
"
PRM,Map5,79,"0.8577640056610107
"
PRM,Map5,80,"0.8247730731964111
"
PRM,Map5,81,"0.8487377166748047
"
PRM,Map5,82,"0.8307771682739258
"
PRM,Map5,83,"0.8119072914123535
"
PRM,Map5,84,"0.8058440685272217
"
PRM,Map5,85,"0.7968704700469971
"
PRM,Map5,86,"0.7818999290466309
"
PRM,Map5,87,"0.8497183322906494
"
PRM,Map5,88,"0.7998671531677246
"
PRM,Map5,89,"0.8108296394348145
"
PRM,Map5,90,"0.8248026371002197
"
PRM,Map5,91,"0.8178157806396484
"
PRM,Map5,92,"0.8377478122711182
"
PRM,Map5,93,"0.8068201541900635
"
PRM,Map5,94,"0.781914472579956
"
PRM,Map5,95,"0.8078665733337402
"
PRM,Map5,96,"0.8188126087188721
"
PRM,Map5,97,"0.8236560821533203
"
PRM,Map5,98,"0.7998871803283691
"
PRM,Map5,99,"0.830805778503418
"
PRM,Map5,100,0.7858977317810059
PRM,Map6,1,"0.7869207859039307
"
PRM,Map6,2,"0.7819075584411621
"
PRM,Map6,3,"0.7809326648712158
"
PRM,Map6,4,"0.7988650798797607
"
PRM,Map6,5,"0.7829349040985107
"
PRM,Map6,6,"0.7819075584411621
"
PRM,Map6,7,"0.7799153327941895
"
PRM,Map6,8,"0.7909133434295654
"
PRM,Map6,9,"0.7978658676147461
"
PRM,Map6,10,"0.8636882305145264
"
PRM,Map6,11,"0.8041260242462158
"
PRM,Map6,12,"0.7929072380065918
"
PRM,Map6,13,"0.787919282913208
"
PRM,Map6,14,"0.8278021812438965
"
PRM,Map6,15,"0.7908766269683838
"
PRM,Map6,16,"0.8128259181976318
"
PRM,Map6,17,"0.7789435386657715
"
PRM,Map6,18,"0.8198130130767822
"
PRM,Map6,19,"0.8447139263153076
"
PRM,Map6,20,"0.8447208404541016
"
PRM,Map6,21,"0.8387751579284668
"
PRM,Map6,22,"0.8177917003631592
"
PRM,Map6,23,"0.8148272037506104
"
PRM,Map6,24,"0.8427517414093018
"
PRM,Map6,25,"0.7909109592437744
"
PRM,Map6,26,"0.7846596240997314
"
PRM,Map6,27,"0.8057849407196045
"
PRM,Map6,28,"0.7879183292388916
"
PRM,Map6,29,"0.8028709888458252
"
PRM,Map6,30,"0.7849068641662598
"
PRM,Map6,31,"0.7848999500274658
"
PRM,Map6,32,"0.7928769588470459
"
PRM,Map6,33,"0.7878913879394531
"
PRM,Map6,34,"0.8048748970031738
"
PRM,Map6,35,"0.7928779125213623
"
PRM,Map6,36,"0.7988624572753906
"
PRM,Map6,37,"0.8048450946807861
"
PRM,Map6,38,"0.7928774356842041
"
PRM,Map6,39,"0.8068811893463135
"
PRM,Map6,40,"0.8537149429321289
"
PRM,Map6,41,"0.7878971099853516
"
PRM,Map6,42,"0.795861005783081
"
PRM,Map6,43,"0.8048396110534668
"
PRM,Map6,44,"0.7829110622406006
"
PRM,Map6,45,"0.8078310489654541
"
PRM,Map6,46,"0.7878832817077637
"
PRM,Map6,47,"0.8626716136932373
"
PRM,Map6,48,"0.8098328113555908
"
PRM,Map6,49,"0.8038699626922607
"
PRM,Map6,50,"0.8068413734436035
"
PRM,Map6,51,"0.7859299182891846
"
PRM,Map6,52,"0.7934033870697021
"
PRM,Map6,53,"0.7889068126678467
"
PRM,Map6,54,"0.794872522354126
"
PRM,Map6,55,"0.7998600006103516
"
PRM,Map6,56,"0.7909038066864014
"
PRM,Map6,57,"0.8078594207763672
"
PRM,Map6,58,"0.8068675994873047
"
PRM,Map6,59,"0.7799403667449951
"
PRM,Map6,60,"0.790881872177124
"
PRM,Map6,61,"0.7888965606689453
"
PRM,Map6,62,"0.8018734455108643
"
PRM,Map6,63,"0.7699606418609619
"
PRM,Map6,64,"0.8187980651855469
"
PRM,Map6,65,"0.8008763790130615
"
PRM,Map6,66,"0.787891149520874
"
PRM,Map6,67,"0.7848927974700928
"
PRM,Map6,68,"0.7988555431365967
"
PRM,Map6,69,"0.7993266582489014
"
PRM,Map6,70,"0.7919096946716309
"
PRM,Map6,71,"0.7848920822143555
"
PRM,Map6,72,"0.8158097267150879
"
PRM,Map6,73,"0.7828786373138428
"
PRM,Map6,74,"0.7779273986816406
"
PRM,Map6,75,"0.7978653907775879
"
PRM,Map6,76,"0.8188357353210449
"
PRM,Map6,77,"0.7898857593536377
"
PRM,Map6,78,"0.7938747406005859
"
PRM,Map6,79,"0.7889091968536377
"
PRM,Map6,80,"0.8038773536682129
"
PRM,Map6,81,"0.7998511791229248
"
PRM,Map6,82,"0.7909054756164551
"
PRM,Map6,83,"0.8028781414031982
"
PRM,Map6,84,"0.794872522354126
"
PRM,Map6,85,"0.798835039138794
"
PRM,Map6,86,"0.8198332786560059
"
PRM,Map6,87,"0.7799203395843506
"
PRM,Map6,88,"0.8257625102996826
"
PRM,Map6,89,"0.8088278770446777
"
PRM,Map6,90,"0.8178086280822754
"
PRM,Map6,91,"0.7919085025787354
"
PRM,Map6,92,"0.8257913589477539
"
PRM,Map6,93,"0.7958683967590332
"
PRM,Map6,94,"0.7898862361907959
"
PRM,Map6,95,"0.831334114074707
"
PRM,Map6,96,"0.7759170532226562
"
PRM,Map6,97,"0.7749223709106445
"
PRM,Map6,98,"0.8204436302185059
"
PRM,Map6,99,"0.8168072700500488
"
PRM,Map6,100,0.845736026763916
PRM,Map7,1,"0.8118481636047363
"
PRM,Map7,2,"0.8347644805908203
"
PRM,Map7,3,"0.7928779125213623
"
PRM,Map7,4,"0.8058404922485352
"
PRM,Map7,5,"0.817868709564209
"
PRM,Map7,6,"0.8058710098266602
"
PRM,Map7,7,"0.8646860122680664
"
PRM,Map7,8,"0.8197979927062988
"
PRM,Map7,9,"0.813788652420044
"
PRM,Map7,10,"0.8178806304931641
"
PRM,Map7,11,"0.8357906341552734
"
PRM,Map7,12,"0.8198337554931641
"
PRM,Map7,13,"0.8447322845458984
"
PRM,Map7,14,"0.8038561344146729
"
PRM,Map7,15,"0.8178093433380127
"
PRM,Map7,16,"0.820803165435791
"
PRM,Map7,17,"0.8048455715179443
"
PRM,Map7,18,"0.8228194713592529
"
PRM,Map7,19,"0.8626909255981445
"
PRM,Map7,20,"0.8397786617279053
"
PRM,Map7,21,"0.856687068939209
"
PRM,Map7,22,"0.8108527660369873
"
PRM,Map7,23,"0.8387835025787354
"
PRM,Map7,24,"0.8288030624389648
"
PRM,Map7,25,"0.8497192859649658
"
PRM,Map7,26,"0.8417482376098633
"
PRM,Map7,27,"0.8427293300628662
"
PRM,Map7,28,"0.8218200206756592
"
PRM,Map7,29,"0.8038763999938965
"
PRM,Map7,30,"0.8188061714172363
"
PRM,Map7,31,"0.8098058700561523
"
PRM,Map7,32,"0.8118205070495605
"
PRM,Map7,33,"0.8026270866394043
"
PRM,Map7,34,"0.8168151378631592
"
PRM,Map7,35,"0.8218085765838623
"
PRM,Map7,36,"0.8078641891479492
"
PRM,Map7,37,"0.8128442764282227
"
PRM,Map7,38,"0.8188278675079346
"
PRM,Map7,39,"0.8068408966064453
"
PRM,Map7,40,"0.8188095092773438
"
PRM,Map7,41,"0.8287920951843262
"
PRM,Map7,42,"0.8337960243225098
"
PRM,Map7,43,"0.8317737579345703
"
PRM,Map7,44,"0.8207964897155762
"
PRM,Map7,45,"0.8118271827697754
"
PRM,Map7,46,"0.8267676830291748
"
PRM,Map7,47,"0.8886494636535645
"
PRM,Map7,48,"0.823796272277832
"
PRM,Map7,49,"0.8238029479980469
"
PRM,Map7,50,"0.8507034778594971
"
PRM,Map7,51,"0.8487358093261719
"
PRM,Map7,52,"0.8058154582977295
"
PRM,Map7,53,"0.8387622833251953
"
PRM,Map7,54,"0.8058500289916992
"
PRM,Map7,55,"0.8546924591064453
"
PRM,Map7,56,"0.8008849620819092
"
PRM,Map7,57,"0.8397600650787354
"
PRM,Map7,58,"0.8517158031463623
"
PRM,Map7,59,"0.8260014057159424
"
PRM,Map7,60,"0.8666810989379883
"
PRM,Map7,61,"0.8347961902618408
"
PRM,Map7,62,"0.837738037109375
"
PRM,Map7,63,"0.852717399597168
"
PRM,Map7,64,"0.8208131790161133
"
PRM,Map7,65,"0.8168001174926758
"
PRM,Map7,66,"0.8158237934112549
"
PRM,Map7,67,"0.805851936340332
"
PRM,Map7,68,"0.8318049907684326
"
PRM,Map7,69,"0.8267834186553955
"
PRM,Map7,70,"0.8826372623443604
"
PRM,Map7,71,"0.8287620544433594
"
PRM,Map7,72,"0.8128349781036377
"
PRM,Map7,73,"0.8018753528594971
"
PRM,Map7,74,"0.8018736839294434
"
PRM,Map7,75,"0.8636620044708252
"
PRM,Map7,76,"0.8616669178009033
"
PRM,Map7,77,"0.8557226657867432
"
PRM,Map7,78,"0.8168411254882812
"
PRM,Map7,79,"0.8257710933685303
"
PRM,Map7,80,"0.8187813758850098
"
PRM,Map7,81,"0.8238224983215332
"
PRM,Map7,82,"0.8407518863677979
"
PRM,Map7,83,"0.8088617324829102
"
PRM,Map7,84,"0.829779863357544
"
PRM,Map7,85,"0.797346830368042
"
PRM,Map7,86,"0.8068411350250244
"
PRM,Map7,87,"0.8197853565216064
"
PRM,Map7,88,"0.8208036422729492
"
PRM,Map7,89,"0.8088338375091553
"
PRM,Map7,90,"0.8098256587982178
"
PRM,Map7,91,"0.8168342113494873
"
PRM,Map7,92,"0.8278121948242188
"
PRM,Map7,93,"0.8048677444458008
"
PRM,Map7,94,"0.8328070640563965
"
PRM,Map7,95,"0.8327784538269043
"
PRM,Map7,96,"0.821800947189331
"
PRM,Map7,97,"0.8247911930084229
"
PRM,Map7,98,"0.8098039627075195
"
PRM,Map7,99,"0.8248209953308105
"
PRM,Map7,100,0.8327717781066895
PRM,Map8,1,"0.8258106708526611
"
PRM,Map8,2,"0.8377869129180908
"
PRM,Map8,3,"0.8547139167785645
"
PRM,Map8,4,"0.8646867275238037
"
PRM,Map8,5,"0.8457369804382324
"
PRM,Map8,6,"0.8497271537780762
"
PRM,Map8,7,"0.8328003883361816
"
PRM,Map8,8,"0.871666669845581
"
PRM,Map8,9,"0.852738618850708
"
PRM,Map8,10,"0.845736026763916
"
PRM,Map8,11,"0.8208038806915283
"
PRM,Map8,12,"0.8247931003570557
"
PRM,Map8,13,"0.8487362861633301
"
PRM,Map8,14,"0.8437423706054688
"
PRM,Map8,15,"0.8337752819061279
"
PRM,Map8,16,"0.8686957359313965
"
PRM,Map8,17,"0.8277864456176758
"
PRM,Map8,18,"0.8467409610748291
"
PRM,Map8,19,"0.8447670936584473
"
PRM,Map8,20,"0.8726353645324707
"
PRM,Map8,21,"0.8906378746032715
"
PRM,Map8,22,"0.8367385864257812
"
PRM,Map8,23,"0.8866560459136963
"
PRM,Map8,24,"0.8467543125152588
"
PRM,Map8,25,"0.8587088584899902
"
PRM,Map8,26,"0.8327713012695312
"
PRM,Map8,27,"0.8497252464294434
"
PRM,Map8,28,"0.8417458534240723
"
PRM,Map8,29,"0.8437685966491699
"
PRM,Map8,30,"0.8357915878295898
"
PRM,Map8,31,"0.8248202800750732
"
PRM,Map8,32,"0.841747522354126
"
PRM,Map8,33,"0.8437411785125732
"
PRM,Map8,34,"0.8437478542327881
"
PRM,Map8,35,"0.8657121658325195
"
PRM,Map8,36,"0.8347635269165039
"
PRM,Map8,37,"0.8148210048675537
"
PRM,Map8,38,"0.8217806816101074
"
PRM,Map8,39,"0.8367609977722168
"
PRM,Map8,40,"0.8288090229034424
"
PRM,Map8,41,"0.8297796249389648
"
PRM,Map8,42,"0.8527178764343262
"
PRM,Map8,43,"0.8320658206939697
"
PRM,Map8,44,"0.8337812423706055
"
PRM,Map8,45,"0.8527181148529053
"
PRM,Map8,46,"0.8347916603088379
"
PRM,Map8,47,"0.8856236934661865
"
PRM,Map8,48,"0.8297979831695557
"
PRM,Map8,49,"0.8417398929595947
"
PRM,Map8,50,"0.842745304107666
"
PRM,Map8,51,"0.8716409206390381
"
PRM,Map8,52,"0.8387837409973145
"
PRM,Map8,53,"0.8397235870361328
"
PRM,Map8,54,"0.8956007957458496
"
PRM,Map8,55,"0.8521177768707275
"
PRM,Map8,56,"0.815805196762085
"
PRM,Map8,57,"0.9504594802856445
"
PRM,Map8,58,"0.8427507877349854
"
PRM,Map8,59,"0.832772970199585
"
PRM,Map8,60,"0.868675708770752
"
PRM,Map8,61,"0.8397247791290283
"
PRM,Map8,62,"0.8377823829650879
"
PRM,Map8,63,"0.8307573795318604
"
PRM,Map8,64,"0.828784704208374
"
PRM,Map8,65,"0.8577325344085693
"
PRM,Map8,66,"0.848721981048584
"
PRM,Map8,67,"0.8447670936584473
"
PRM,Map8,68,"0.8337678909301758
"
PRM,Map8,69,"0.8298070430755615
"
PRM,Map8,70,"0.8487279415130615
"
PRM,Map8,71,"0.8467617034912109
"
PRM,Map8,72,"0.8637082576751709
"
PRM,Map8,73,"0.8327803611755371
"
PRM,Map8,74,"0.8437433242797852
"
PRM,Map8,75,"0.8402929306030273
"
PRM,Map8,76,"0.8318028450012207
"
PRM,Map8,77,"0.8257913589477539
"
PRM,Map8,78,"0.8527169227600098
"
PRM,Map8,79,"0.8297786712646484
"
PRM,Map8,80,"0.8497567176818848
"
PRM,Map8,81,"0.8207755088806152
"
PRM,Map8,82,"0.838782787322998
"
PRM,Map8,83,"0.8403403759002686
"
PRM,Map8,84,"0.8397505283355713
"
PRM,Map8,85,"0.9315056800842285
"
PRM,Map8,86,"0.8586757183074951
"
PRM,Map8,87,"0.8258166313171387
"
PRM,Map8,88,"0.8587298393249512
"
PRM,Map8,89,"0.888622522354126
"
PRM,Map8,90,"0.8357715606689453
"
PRM,Map8,91,"0.8277840614318848
"
PRM,Map8,92,"0.8736536502838135
"
PRM,Map8,93,"0.8427727222442627
"
PRM,Map8,94,"0.8317642211914062
"
PRM,Map8,95,"0.8277585506439209
"
PRM,Map8,96,"0.8497333526611328
"
PRM,Map8,97,"0.8437740802764893
"
PRM,Map8,98,"0.8218276500701904
"
PRM,Map8,99,"0.8517196178436279
"
PRM,Map8,100,0.8557026386260986
